time,open,high,low,close,volume
2010-01-04 05:30,5200.9,5238.45,5167.1,5232.2,0
2010-01-05 05:30,5277.15,5288.35,5242.4,5277.9,0
2010-01-06 05:30,5278.15,5310.85,5260.05,5281.8,0
2010-01-07 05:30,5281.8,5302.55,5244.75,5263.1,0
2010-01-08 05:30,5264.25,5276.75,5234.7,5244.75,0
2010-01-11 05:30,5263.8,5287.2,5227.8,5249.4,0
2010-01-12 05:30,5251.1,5300.5,5200.95,5210.4,0
2010-01-13 05:30,5212.6,5239.2,5169.55,5233.95,0
2010-01-14 05:30,5234.5,5272.85,5232.5,5259.9,0
2010-01-15 05:30,5259.9,5279.85,5242.45,5252.2,0
2010-01-18 05:30,5253.65,5292.5,5228.95,5274.85,0
2010-01-19 05:30,5274.2,5287.8,5218.65,5225.65,0
2010-01-20 05:30,5226.1,5256.7,5201.4,5221.7,0
2010-01-21 05:30,5220.2,5220.35,5085.45,5094.15,0
2010-01-22 05:30,5094.15,5094.15,4954.85,5036.0,0
2010-01-25 05:30,5034.55,5035.7,4983.05,5007.9,0
2010-01-27 05:30,5008.5,5008.5,4833.05,4853.1,0
2010-01-28 05:30,4863.0,4929.9,4824.95,4867.25,0
2010-01-29 05:30,4866.15,4893.7,4766.0,4882.05,0
2010-02-01 05:30,4882.05,4918.8,4827.15,4899.7,0
2010-02-02 05:30,4907.85,4951.15,4814.1,4830.1,0
2010-02-03 05:30,4831.0,4949.15,4831.0,4931.85,0
2010-02-04 05:30,4931.3,4931.3,4832.35,4845.35,0
2010-02-05 05:30,4819.65,4827.0,4692.35,4718.65,0
2010-02-06 05:30,4712.75,4768.15,4712.75,4757.25,0
2010-02-08 05:30,4755.35,4799.05,4675.4,4760.4,0
2010-02-09 05:30,4760.55,4810.4,4739.35,4792.65,0
2010-02-10 05:30,4793.0,4826.85,4748.1,4757.2,0
2010-02-11 05:30,4757.25,4843.8,4757.25,4826.85,0
2010-02-15 05:30,4827.9,4845.6,4783.9,4801.95,0
2010-02-16 05:30,4801.8,4880.0,4791.35,4855.75,0
2010-02-17 05:30,4858.65,4929.7,4857.6,4914.0,0
2010-02-18 05:30,4915.1,4922.05,4873.7,4887.75,0
2010-02-19 05:30,4887.3,4887.3,4805.55,4844.9,0
2010-02-22 05:30,4849.35,4912.05,4845.9,4856.4,0
2010-02-23 05:30,4856.6,4884.1,4833.15,4870.05,0
2010-02-24 05:30,4869.55,4880.55,4834.65,4858.6,0
2010-02-25 05:30,4859.0,4880.15,4835.6,4859.75,0
2010-02-26 05:30,4858.5,4992.0,4858.45,4922.3,0
2010-03-02 05:30,4935.6,5029.45,4935.35,5017.0,0
2010-03-03 05:30,5015.8,5093.25,5015.1,5088.1,0
2010-03-04 05:30,5096.95,5096.95,5049.0,5080.25,0
2010-03-05 05:30,5080.55,5118.65,5068.05,5088.7,0
2010-03-08 05:30,5092.15,5147.1,5092.15,5124.0,0
2010-03-09 05:30,5121.05,5131.8,5094.35,5101.5,0
2010-03-10 05:30,5101.6,5137.4,5092.05,5116.25,0
2010-03-11 05:30,5116.35,5152.6,5102.1,5133.4,0
2010-03-12 05:30,5131.8,5158.1,5122.1,5137.0,0
2010-03-15 05:30,5134.45,5151.05,5101.2,5128.9,0
2010-03-16 05:30,5128.95,5209.25,5125.7,5198.1,0
2010-03-17 05:30,5198.45,5260.5,5177.15,5231.9,0
2010-03-18 05:30,5232.55,5255.65,5214.4,5245.9,0
2010-03-19 05:30,5246.8,5269.95,5237.1,5262.8,0
2010-03-22 05:30,5260.95,5260.95,5187.05,5205.2,0
2010-03-23 05:30,5205.85,5243.6,5193.4,5225.3,0
2010-03-25 05:30,5225.3,5267.3,5202.95,5260.4,0
2010-03-26 05:30,5260.55,5293.75,5260.55,5282.0,0
2010-03-29 05:30,5283.9,5329.55,5242.15,5302.85,0
2010-03-30 05:30,5302.95,5325.0,5251.35,5262.45,0
2010-03-31 05:30,5260.4,5293.9,5235.15,5249.1,0
2010-04-01 05:30,5249.2,5298.6,5249.2,5290.5,0
2010-04-05 05:30,5291.4,5377.55,5291.4,5368.4,0
2010-04-06 05:30,5369.65,5388.65,5351.7,5366.0,0
2010-04-07 05:30,5365.7,5399.65,5345.05,5374.65,0
2010-04-08 05:30,5376.3,5383.65,5290.25,5304.45,0
2010-04-09 05:30,5302.4,5377.45,5302.25,5361.75,0
2010-04-12 05:30,5354.15,5382.15,5324.9,5339.7,0
2010-04-13 05:30,5340.85,5356.5,5301.7,5322.95,0
2010-04-15 05:30,5323.3,5373.15,5265.3,5273.6,0
2010-04-16 05:30,5273.4,5283.05,5237.55,5262.6,0
2010-04-19 05:30,5279.05,5279.05,5160.9,5203.65,0
2010-04-20 05:30,5208.3,5257.25,5208.3,5230.1,0
2010-04-21 05:30,5230.3,5266.3,5230.3,5244.9,0
2010-04-22 05:30,5248.6,5331.8,5221.1,5269.35,0
2010-04-23 05:30,5269.65,5311.05,5269.65,5304.1,0
2010-04-26 05:30,5299.35,5342.35,5299.35,5322.45,0
2010-04-27 05:30,5322.1,5330.55,5301.4,5308.35,0
2010-04-28 05:30,5308.2,5308.25,5202.45,5215.45,0
2010-04-29 05:30,5215.25,5264.75,5214.8,5254.15,0
2010-04-30 05:30,5254.2,5294.8,5254.2,5278.0,0
2010-05-03 05:30,5278.4,5278.7,5210.05,5222.75,0
2010-05-04 05:30,5223.9,5250.15,5134.85,5148.5,0
2010-05-05 05:30,5148.35,5148.35,5056.5,5124.9,0
2010-05-06 05:30,5124.4,5124.9,5037.75,5090.85,0
2010-05-07 05:30,5072.3,5085.65,4984.6,5018.05,0
2010-05-10 05:30,5026.6,5203.3,5026.6,5193.6,0
2010-05-11 05:30,5189.75,5206.7,5126.5,5136.15,0
2010-05-12 05:30,5133.75,5172.85,5098.8,5156.65,0
2010-05-13 05:30,5157.55,5212.7,5147.95,5178.9,0
2010-05-14 05:30,5180.55,5192.75,5070.95,5093.5,0
2010-05-17 05:30,5093.9,5094.55,4966.25,5059.9,0
2010-05-18 05:30,5059.55,5105.2,5024.25,5066.2,0
2010-05-19 05:30,5065.1,5065.1,4908.15,4919.65,0
2010-05-20 05:30,4924.3,4980.25,4924.3,4947.6,0
2010-05-21 05:30,4946.7,4946.7,4842.3,4931.15,0
2010-05-24 05:30,4944.3,5029.55,4923.45,4943.95,0
2010-05-25 05:30,4945.3,4946.6,4786.45,4806.75,0
2010-05-26 05:30,4807.3,4925.45,4807.3,4917.4,0
2010-05-27 05:30,4915.15,5016.6,4897.6,5003.1,0
2010-05-28 05:30,5005.6,5077.25,5005.6,5066.55,0
2010-05-31 05:30,5076.1,5097.6,5038.55,5086.3,0
2010-06-01 05:30,5086.25,5086.95,4961.05,4970.2,0
2010-06-02 05:30,4970.75,5031.2,4967.05,5019.85,0
2010-06-03 05:30,5020.15,5125.7,5020.15,5110.5,0
2010-06-04 05:30,5112.6,5147.9,5091.6,5135.5,0
2010-06-07 05:30,5132.95,5132.95,5004.25,5034.0,0
2010-06-08 05:30,5036.7,5071.35,4967.3,4987.1,0
2010-06-09 05:30,4985.05,5050.6,4980.1,5000.3,0
2010-06-10 05:30,4999.6,5085.2,4997.6,5078.6,0
2010-06-11 05:30,5078.75,5139.05,5078.75,5119.35,0
2010-06-14 05:30,5120.15,5201.25,5120.15,5197.7,0
2010-06-15 05:30,5201.3,5231.45,5171.05,5222.35,0
2010-06-16 05:30,5225.05,5255.65,5214.9,5233.35,0
2010-06-17 05:30,5233.65,5285.55,5206.55,5274.85,0
2010-06-18 05:30,5274.95,5302.3,5245.5,5262.6,0
2010-06-21 05:30,5266.5,5366.75,5266.5,5353.3,0
2010-06-22 05:30,5353.95,5354.35,5311.05,5316.55,0
2010-06-23 05:30,5316.15,5333.3,5288.15,5323.15,0
2010-06-24 05:30,5323.25,5348.3,5284.55,5320.6,0
2010-06-25 05:30,5320.5,5320.5,5259.9,5269.05,0
2010-06-28 05:30,5271.1,5339.45,5270.75,5333.5,0
2010-06-29 05:30,5333.55,5334.15,5235.8,5256.15,0
2010-06-30 05:30,5254.25,5320.35,5210.0,5312.5,0
2010-07-01 05:30,5312.05,5312.55,5232.1,5251.4,0
2010-07-02 05:30,5251.25,5277.25,5225.6,5237.1,0
2010-07-05 05:30,5237.0,5252.75,5225.85,5235.9,0
2010-07-06 05:30,5236.1,5297.45,5231.5,5289.05,0
2010-07-07 05:30,5293.1,5296.75,5233.45,5241.1,0
2010-07-08 05:30,5242.0,5320.5,5242.0,5296.85,0
2010-07-09 05:30,5297.2,5359.05,5297.2,5352.45,0
2010-07-12 05:30,5352.25,5402.7,5351.6,5383.0,0
2010-07-13 05:30,5370.2,5406.2,5357.85,5400.65,0
2010-07-14 05:30,5402.0,5453.45,5371.7,5386.15,0
2010-07-15 05:30,5387.1,5399.2,5360.6,5378.75,0
2010-07-16 05:30,5376.65,5401.35,5374.4,5393.9,0
2010-07-19 05:30,5392.7,5409.1,5361.5,5386.45,0
2010-07-20 05:30,5387.0,5416.45,5353.6,5368.0,0
2010-07-21 05:30,5368.85,5409.1,5368.85,5399.35,0
2010-07-22 05:30,5399.15,5447.15,5372.2,5441.95,0
2010-07-23 05:30,5441.9,5477.5,5435.15,5449.1,0
2010-07-26 05:30,5446.55,5466.25,5409.2,5418.6,0
2010-07-27 05:30,5420.2,5450.95,5407.2,5430.6,0
2010-07-28 05:30,5436.1,5447.85,5386.25,5397.55,0
2010-07-29 05:30,5397.85,5415.85,5381.55,5408.9,0
2010-07-30 05:30,5408.4,5413.25,5349.2,5367.6,0
2010-08-02 05:30,5369.55,5438.85,5351.3,5431.65,0
2010-08-03 05:30,5432.5,5459.2,5426.4,5439.55,0
2010-08-04 05:30,5441.35,5481.9,5428.4,5467.85,0
2010-08-05 05:30,5470.15,5487.15,5443.1,5447.1,0
2010-08-06 05:30,5448.25,5471.9,5431.35,5439.25,0
2010-08-09 05:30,5439.8,5492.3,5433.25,5486.15,0
2010-08-10 05:30,5486.8,5491.45,5445.35,5460.7,0
2010-08-11 05:30,5460.7,5474.6,5412.0,5420.6,0
2010-08-12 05:30,5418.7,5431.1,5372.45,5416.45,0
2010-08-13 05:30,5420.65,5476.5,5415.5,5452.1,0
2010-08-16 05:30,5452.1,5465.25,5397.4,5418.3,0
2010-08-17 05:30,5422.15,5443.55,5408.8,5414.15,0
2010-08-18 05:30,5416.25,5487.95,5416.25,5479.15,0
2010-08-19 05:30,5478.25,5544.7,5478.1,5540.2,0
2010-08-20 05:30,5540.8,5546.6,5513.35,5530.65,0
2010-08-23 05:30,5531.15,5549.8,5519.4,5543.5,0
2010-08-24 05:30,5541.1,5547.25,5488.45,5505.1,0
2010-08-25 05:30,5505.3,5506.15,5452.55,5462.35,0
2010-08-26 05:30,5462.1,5486.55,5454.7,5477.9,0
2010-08-27 05:30,5489.6,5495.2,5391.95,5408.7,0
2010-08-30 05:30,5408.9,5469.0,5390.35,5415.45,0
2010-08-31 05:30,5413.55,5413.9,5348.9,5402.4,0
2010-09-01 05:30,5403.05,5478.6,5403.05,5471.85,0
2010-09-02 05:30,5471.9,5513.95,5471.85,5486.15,0
2010-09-03 05:30,5486.3,5510.4,5473.65,5479.4,0
2010-09-06 05:30,5479.55,5589.4,5479.55,5576.95,0
2010-09-07 05:30,5575.9,5625.5,5571.65,5604.0,0
2010-09-08 05:30,5604.25,5625.3,5567.75,5607.85,0
2010-09-09 05:30,5608.3,5647.45,5608.1,5640.05,0
2010-09-13 05:30,5639.2,5770.6,5639.2,5760.0,0
2010-09-14 05:30,5760.3,5838.45,5760.3,5795.55,0
2010-09-15 05:30,5795.25,5869.45,5792.2,5860.95,0
2010-09-16 05:30,5861.1,5901.65,5815.8,5828.7,0
2010-09-17 05:30,5828.7,5898.4,5828.7,5884.95,0
2010-09-20 05:30,5885.05,5989.5,5885.05,5980.45,0
2010-09-21 05:30,5980.5,6032.8,5961.85,6009.05,0
2010-09-22 05:30,6008.4,6037.4,5946.45,5991.0,0
2010-09-23 05:30,5991.05,6006.8,5932.4,5959.55,0
2010-09-24 05:30,5959.45,6029.1,5951.2,6018.3,0
2010-09-27 05:30,6018.3,6073.5,6018.3,6035.65,0
2010-09-28 05:30,6036.05,6049.8,5991.3,6029.5,0
2010-09-29 05:30,6029.15,6071.55,5979.65,5991.3,0
2010-09-30 05:30,5991.35,6048.45,5963.6,6029.95,0
2010-10-01 05:30,6030.3,6153.1,6030.3,6143.4,0
2010-10-04 05:30,6144.7,6222.1,6144.7,6159.45,0
2010-10-05 05:30,6159.45,6188.35,6118.05,6145.8,0
2010-10-06 05:30,6150.95,6223.4,6148.6,6186.45,0
2010-10-07 05:30,6186.85,6199.45,6107.5,6120.3,0
2010-10-08 05:30,6121.4,6148.6,6067.0,6103.45,0
2010-10-11 05:30,6105.95,6187.75,6105.95,6135.85,0
2010-10-12 05:30,6135.95,6144.95,6057.95,6090.9,0
2010-10-13 05:30,6091.45,6240.25,6089.75,6233.9,0
2010-10-14 05:30,6234.3,6284.1,6157.9,6177.35,0
2010-10-15 05:30,6175.9,6200.6,6050.35,6062.65,0
2010-10-18 05:30,6112.75,6115.1,5985.1,6075.95,0
2010-10-19 05:30,6114.45,6127.05,6008.15,6027.3,0
2010-10-20 05:30,6002.95,6038.1,5966.75,5982.1,0
2010-10-21 05:30,6008.9,6113.5,5984.9,6101.5,0
2010-10-22 05:30,6113.4,6121.1,6041.35,6066.05,0
2010-10-25 05:30,6101.25,6151.3,6094.6,6105.8,0
2010-10-26 05:30,6116.3,6120.25,6074.65,6082.0,0
2010-10-27 05:30,6075.45,6075.95,5987.55,6012.65,0
2010-10-28 05:30,6039.95,6071.1,5968.1,5987.7,0
2010-10-29 05:30,6021.15,6032.65,5937.1,6017.7,0
2010-11-01 05:30,6092.3,6132.4,6084.75,6117.55,0
2010-11-02 05:30,6127.55,6138.1,6094.4,6119.0,0
2010-11-03 05:30,6150.6,6182.5,6146.8,6160.5,0
2010-11-04 05:30,6209.6,6290.15,6199.35,6281.8,0
2010-11-05 05:30,6321.85,6338.5,6303.1,6312.45,0
2010-11-08 05:30,6335.25,6335.9,6265.35,6273.2,0
2010-11-09 05:30,6281.0,6310.9,6243.55,6301.55,0
2010-11-10 05:30,6303.2,6307.65,6269.25,6275.7,0
2010-11-11 05:30,6286.35,6296.55,6179.5,6194.25,0
2010-11-12 05:30,6182.3,6202.5,6056.75,6071.65,0
2010-11-15 05:30,6079.9,6128.75,6039.4,6121.6,0
2010-11-16 05:30,6143.45,6144.05,5970.6,5988.7,0
2010-11-18 05:30,6075.95,6076.2,5906.75,5998.8,0
2010-11-19 05:30,6011.3,6013.25,5863.95,5890.3,0
2010-11-22 05:30,5920.9,6020.25,5905.15,6010.0,0
2010-11-23 05:30,5971.55,5973.35,5824.95,5934.75,0
2010-11-24 05:30,5946.8,5976.65,5833.6,5865.75,0
2010-11-25 05:30,5883.95,5907.1,5780.35,5799.75,0
2010-11-26 05:30,5828.55,5838.5,5690.35,5751.95,0
2010-11-29 05:30,5789.95,5843.15,5754.7,5830.0,0
2010-11-30 05:30,5811.6,5892.25,5768.35,5862.7,0
2010-12-01 05:30,5871.0,5971.0,5865.55,5960.9,0
2010-12-02 05:30,6023.05,6029.5,5980.6,6011.7,0
2010-12-03 05:30,6013.35,6025.4,5964.25,5992.8,0
2010-12-06 05:30,6033.65,6069.45,5981.7,5992.25,0
2010-12-07 05:30,5995.05,6001.0,5939.7,5976.55,0
2010-12-08 05:30,5954.4,5960.0,5878.6,5903.7,0
2010-12-09 05:30,5924.25,5927.3,5742.3,5766.5,0
2010-12-10 05:30,5761.0,5865.5,5721.15,5857.35,0
2010-12-13 05:30,5882.65,5913.8,5795.9,5907.65,0
2010-12-14 05:30,5928.7,5953.95,5888.75,5944.1,0
2010-12-15 05:30,5931.15,5942.75,5865.8,5892.3,0
2010-12-16 05:30,5910.55,5956.15,5855.05,5948.75,0
2010-12-20 05:30,5926.85,5985.0,5900.25,5947.05,0
2010-12-21 05:30,5960.4,6007.45,5960.05,6000.65,0
2010-12-22 05:30,6019.0,6023.8,5958.0,5984.4,0
2010-12-23 05:30,6005.9,6006.45,5964.6,5980.0,0
2010-12-24 05:30,5940.25,6017.35,5940.25,6011.6,0
2010-12-27 05:30,6013.3,6045.75,5991.1,5998.1,0
2010-12-28 05:30,6005.35,6010.9,5982.25,5996.0,0
2010-12-29 05:30,6005.15,6067.55,6002.85,6060.35,0
2010-12-30 05:30,6062.35,6106.4,6062.35,6101.85,0
2010-12-31 05:30,6105.1,6147.3,6103.55,6134.5,0
2011-01-03 05:30,6177.45,6178.55,6147.2,6157.6,0
2011-01-04 05:30,6172.75,6181.05,6124.4,6146.35,0
2011-01-05 05:30,6141.35,6141.35,6062.35,6079.8,0
2011-01-06 05:30,6107.0,6116.15,6022.3,6048.25,0
2011-01-07 05:30,6030.9,6051.2,5883.6,5904.6,0
2011-01-10 05:30,5901.3,5907.25,5740.95,5762.85,0
2011-01-11 05:30,5767.95,5842.6,5698.2,5754.1,0
2011-01-12 05:30,5800.05,5874.2,5711.3,5863.25,0
2011-01-13 05:30,5850.75,5857.75,5736.7,5751.9,0
2011-01-14 05:30,5752.1,5833.65,5639.65,5654.55,0
2011-01-17 05:30,5648.8,5696.15,5624.15,5654.75,0
2011-01-18 05:30,5682.55,5730.5,5671.25,5724.05,0
2011-01-19 05:30,5737.35,5747.65,5662.55,5691.05,0
2011-01-20 05:30,5656.0,5729.45,5634.5,5711.6,0
2011-01-21 05:30,5692.05,5717.55,5674.5,5696.5,0
2011-01-24 05:30,5717.1,5756.0,5697.75,5743.25,0
2011-01-25 05:30,5763.3,5801.55,5680.65,5687.4,0
2011-01-27 05:30,5725.3,5726.1,5594.95,5604.3,0
2011-01-28 05:30,5614.0,5614.4,5459.55,5512.15,0
2011-01-31 05:30,5452.55,5526.85,5416.65,5505.9,0
2011-02-01 05:30,5537.3,5539.15,5402.0,5417.2,0
2011-02-02 05:30,5469.55,5490.6,5415.65,5432.0,0
2011-02-03 05:30,5430.45,5532.65,5418.0,5526.75,0
2011-02-04 05:30,5519.9,5556.3,5369.05,5395.75,0
2011-02-07 05:30,5430.15,5440.35,5376.95,5396.0,0
2011-02-08 05:30,5432.35,5432.35,5303.4,5312.55,0
2011-02-09 05:30,5293.05,5339.45,5225.65,5253.55,0
2011-02-10 05:30,5246.05,5272.6,5196.8,5225.8,0
2011-02-11 05:30,5219.65,5319.45,5177.7,5310.0,0
2011-02-14 05:30,5340.25,5463.8,5340.25,5456.0,0
2011-02-15 05:30,5467.75,5506.5,5408.35,5481.0,0
2011-02-16 05:30,5467.6,5504.8,5460.35,5481.7,0
2011-02-17 05:30,5501.7,5553.0,5463.4,5546.45,0
2011-02-18 05:30,5557.55,5599.25,5441.95,5458.95,0
2011-02-21 05:30,5456.6,5526.25,5413.1,5518.6,0
2011-02-22 05:30,5504.4,5519.45,5437.3,5469.2,0
2011-02-23 05:30,5452.45,5495.2,5427.55,5437.35,0
2011-02-24 05:30,5408.75,5423.4,5242.5,5262.7,0
2011-02-25 05:30,5321.05,5338.2,5232.75,5303.55,0
2011-02-28 05:30,5330.15,5477.0,5308.6,5333.25,0
2011-03-01 05:30,5382.0,5533.05,5373.55,5522.3,0
2011-03-03 05:30,5478.45,5570.75,5468.25,5536.2,0
2011-03-04 05:30,5586.2,5608.2,5524.1,5538.75,0
2011-03-07 05:30,5490.05,5491.25,5408.45,5463.15,0
2011-03-08 05:30,5466.1,5530.55,5464.75,5520.8,0
2011-03-09 05:30,5542.4,5563.3,5477.45,5531.0,0
2011-03-10 05:30,5516.1,5516.3,5468.45,5494.4,0
2011-03-11 05:30,5456.15,5502.7,5411.55,5445.45,0
2011-03-14 05:30,5436.5,5537.3,5434.25,5531.5,0
2011-03-15 05:30,5420.0,5497.85,5373.65,5449.65,0
2011-03-16 05:30,5475.95,5535.1,5475.95,5511.15,0
2011-03-17 05:30,5455.4,5510.05,5435.3,5446.65,0
2011-03-18 05:30,5475.35,5483.05,5366.4,5373.7,0
2011-03-21 05:30,5408.75,5413.3,5348.2,5364.75,0
2011-03-22 05:30,5390.85,5428.15,5376.15,5413.85,0
2011-03-23 05:30,5411.4,5484.95,5401.95,5480.25,0
2011-03-24 05:30,5501.8,5529.0,5496.1,5522.4,0
2011-03-25 05:30,5588.65,5667.1,5560.95,5654.25,0
2011-03-28 05:30,5645.25,5709.1,5643.2,5687.25,0
2011-03-29 05:30,5686.5,5770.35,5680.7,5736.35,0
2011-03-30 05:30,5755.8,5803.15,5753.9,5787.65,0
2011-03-31 05:30,5803.05,5872.0,5778.65,5833.75,0
2011-04-01 05:30,5835.0,5860.2,5810.4,5826.05,0
2011-04-04 05:30,5842.0,5918.7,5833.2,5908.45,0
2011-04-05 05:30,5923.85,5928.65,5855.85,5910.05,0
2011-04-06 05:30,5908.0,5944.45,5868.8,5891.75,0
2011-04-07 05:30,5888.55,5906.1,5866.25,5885.7,0
2011-04-08 05:30,5886.75,5926.95,5822.0,5842.0,0
2011-04-11 05:30,5805.35,5830.3,5777.9,5785.7,0
2011-04-13 05:30,5747.95,5923.6,5735.55,5911.5,0
2011-04-15 05:30,5898.75,5907.35,5806.45,5824.55,0
2011-04-18 05:30,5824.35,5897.9,5722.25,5729.1,0
2011-04-19 05:30,5716.0,5762.95,5693.25,5740.75,0
2011-04-20 05:30,5786.05,5857.35,5759.65,5851.65,0
2011-04-21 05:30,5882.85,5912.9,5864.35,5884.7,0
2011-04-25 05:30,5859.6,5906.6,5857.0,5874.5,0
2011-04-26 05:30,5876.85,5893.2,5791.55,5868.4,0
2011-04-27 05:30,5884.2,5892.35,5819.95,5833.9,0
2011-04-28 05:30,5851.35,5856.4,5776.95,5785.45,0
2011-04-29 05:30,5782.5,5804.3,5706.05,5749.5,0
2011-05-02 05:30,5766.9,5775.25,5687.7,5701.3,0
2011-05-03 05:30,5689.7,5710.8,5554.85,5565.25,0
2011-05-04 05:30,5567.7,5578.8,5503.0,5537.15,0
2011-05-05 05:30,5531.6,5560.3,5443.65,5459.85,0
2011-05-06 05:30,5477.65,5564.4,5472.45,5551.45,0
2011-05-09 05:30,5575.2,5586.05,5502.4,5551.1,0
2011-05-10 05:30,5555.55,5592.9,5514.55,5541.25,0
2011-05-11 05:30,5547.2,5574.7,5525.0,5565.05,0
2011-05-12 05:30,5537.8,5572.5,5476.3,5486.15,0
2011-05-13 05:30,5492.35,5605.0,5472.15,5544.75,0
2011-05-16 05:30,5541.7,5541.8,5487.65,5499.0,0
2011-05-17 05:30,5496.1,5523.85,5421.05,5438.95,0
2011-05-18 05:30,5448.2,5460.5,5401.25,5420.6,0
2011-05-19 05:30,5448.15,5452.6,5411.25,5428.1,0
2011-05-20 05:30,5450.65,5517.55,5432.75,5486.35,0
2011-05-23 05:30,5456.7,5456.7,5373.0,5386.55,0
2011-05-24 05:30,5385.1,5422.6,5367.45,5394.85,0
2011-05-25 05:30,5389.1,5389.1,5328.7,5348.95,0
2011-05-26 05:30,5372.75,5422.2,5356.35,5412.35,0
2011-05-27 05:30,5413.7,5485.8,5413.6,5476.1,0
2011-05-30 05:30,5493.75,5509.3,5458.6,5473.1,0
2011-05-31 05:30,5492.0,5571.6,5489.7,5560.15,0
2011-06-01 05:30,5561.05,5597.35,5559.45,5592.0,0
2011-06-02 05:30,5529.9,5568.2,5521.95,5550.35,0
2011-06-03 05:30,5565.7,5604.95,5507.2,5516.75,0
2011-06-06 05:30,5504.3,5542.65,5479.85,5532.05,0
2011-06-07 05:30,5509.15,5570.1,5507.8,5556.15,0
2011-06-08 05:30,5535.25,5556.6,5514.9,5526.85,0
2011-06-09 05:30,5523.55,5540.1,5502.05,5521.05,0
2011-06-10 05:30,5518.05,5521.45,5457.45,5485.8,0
2011-06-13 05:30,5469.85,5496.7,5436.95,5482.8,0
2011-06-14 05:30,5485.6,5520.15,5484.2,5500.5,0
2011-06-15 05:30,5494.45,5499.35,5438.95,5447.5,0
2011-06-16 05:30,5419.65,5447.5,5389.8,5396.75,0
2011-06-17 05:30,5412.5,5421.15,5355.85,5366.4,0
2011-06-20 05:30,5372.2,5377.4,5195.9,5257.9,0
2011-06-21 05:30,5280.8,5322.45,5257.0,5275.85,0
2011-06-22 05:30,5304.65,5310.5,5262.5,5278.3,0
2011-06-23 05:30,5269.1,5330.6,5252.25,5320.0,0
2011-06-24 05:30,5343.4,5477.85,5343.4,5471.25,0
2011-06-27 05:30,5441.2,5552.65,5434.25,5526.6,0
2011-06-28 05:30,5548.85,5558.3,5496.35,5545.3,0
2011-06-29 05:30,5566.5,5608.65,5566.5,5600.45,0
2011-06-30 05:30,5614.5,5657.9,5606.1,5647.4,0
2011-07-01 05:30,5705.75,5705.8,5609.75,5627.2,0
2011-07-04 05:30,5679.55,5679.65,5633.1,5650.5,0
2011-07-05 05:30,5659.85,5659.85,5612.3,5632.1,0
2011-07-06 05:30,5622.7,5655.4,5610.75,5625.45,0
2011-07-07 05:30,5633.35,5737.15,5632.95,5728.95,0
2011-07-08 05:30,5734.65,5740.4,5651.05,5660.65,0
2011-07-11 05:30,5648.05,5652.9,5601.7,5616.1,0
2011-07-12 05:30,5556.9,5580.25,5496.95,5526.15,0
2011-07-13 05:30,5542.05,5596.15,5541.4,5585.45,0
2011-07-14 05:30,5569.0,5653.95,5541.7,5599.8,0
2011-07-15 05:30,5602.95,5631.7,5562.75,5581.1,0
2011-07-18 05:30,5581.75,5596.6,5550.95,5567.05,0
2011-07-19 05:30,5569.85,5627.65,5557.2,5613.55,0
2011-07-20 05:30,5642.05,5645.4,5555.1,5567.05,0
2011-07-21 05:30,5554.6,5578.9,5532.7,5541.6,0
2011-07-22 05:30,5576.95,5642.2,5567.1,5633.95,0
2011-07-25 05:30,5633.8,5700.55,5616.7,5680.3,0
2011-07-26 05:30,5688.45,5702.25,5560.15,5574.85,0
2011-07-27 05:30,5588.55,5591.7,5521.5,5546.8,0
2011-07-28 05:30,5492.4,5512.1,5475.65,5487.75,0
2011-07-29 05:30,5479.0,5520.3,5453.95,5482.0,0
2011-08-01 05:30,5527.5,5551.9,5486.45,5516.8,0
2011-08-02 05:30,5493.2,5496.3,5433.65,5456.55,0
2011-08-03 05:30,5402.0,5422.6,5378.85,5404.8,0
2011-08-04 05:30,5412.4,5434.5,5323.15,5331.8,0
2011-08-05 05:30,5204.35,5229.65,5116.45,5211.25,0
2011-08-08 05:30,5083.85,5204.2,5054.05,5118.5,0
2011-08-09 05:30,4947.9,5167.0,4946.45,5072.85,0
2011-08-10 05:30,5196.55,5197.95,5123.35,5161.0,0
2011-08-11 05:30,5128.0,5184.95,5121.0,5138.3,0
2011-08-12 05:30,5194.4,5194.45,5053.35,5072.95,0
2011-08-16 05:30,5125.75,5132.2,5015.4,5035.8,0
2011-08-17 05:30,5030.3,5112.15,5017.25,5056.6,0
2011-08-18 05:30,5077.95,5078.6,4932.15,4944.15,0
2011-08-19 05:30,4859.3,4893.6,4796.1,4845.65,0
2011-08-22 05:30,4843.7,4910.05,4808.75,4898.8,0
2011-08-23 05:30,4925.15,4965.8,4863.8,4948.9,0
2011-08-24 05:30,4934.35,4962.4,4875.3,4888.9,0
2011-08-25 05:30,4914.65,4915.85,4825.05,4839.6,0
2011-08-26 05:30,4839.25,4872.0,4720.0,4747.8,0
2011-08-29 05:30,4806.2,4934.4,4806.05,4919.6,0
2011-08-30 05:30,4973.25,5016.25,4927.55,5001.0,0
2011-09-02 05:30,5109.8,5113.7,4993.35,5040.0,0
2011-09-05 05:30,4998.9,5030.3,4964.45,5017.2,0
2011-09-06 05:30,4993.35,5072.9,4942.9,5064.3,0
2011-09-07 05:30,5080.15,5154.5,5076.3,5124.65,0
2011-09-08 05:30,5139.2,5169.25,5098.25,5153.25,0
2011-09-09 05:30,5161.3,5163.75,5046.8,5059.45,0
2011-09-12 05:30,4981.7,4985.6,4911.25,4946.8,0
2011-09-13 05:30,4977.8,5030.15,4911.05,4940.95,0
2011-09-14 05:30,4965.05,5026.15,4917.4,5012.55,0
2011-09-15 05:30,5062.35,5091.45,4967.45,5075.7,0
2011-09-16 05:30,5123.35,5143.6,5068.1,5084.25,0
2011-09-19 05:30,5068.4,5068.4,5019.25,5031.95,0
2011-09-20 05:30,5042.55,5149.9,5035.25,5140.2,0
2011-09-21 05:30,5153.75,5168.4,5109.85,5133.25,0
2011-09-22 05:30,5054.45,5059.85,4907.75,4923.65,0
2011-09-23 05:30,4873.75,4930.25,4829.6,4867.75,0
2011-09-26 05:30,4878.6,4879.8,4758.85,4835.4,0
2011-09-27 05:30,4905.15,4982.95,4905.15,4971.25,0
2011-09-28 05:30,5005.5,5006.05,4918.45,4945.9,0
2011-09-29 05:30,4924.2,5034.25,4906.0,5015.45,0
2011-09-30 05:30,4990.15,5025.55,4924.3,4943.25,0
2011-10-03 05:30,4874.4,4879.15,4823.9,4849.5,0
2011-10-04 05:30,4823.5,4869.75,4728.3,4772.15,0
2011-10-05 05:30,4791.3,4827.8,4741.0,4751.3,0
2011-10-07 05:30,4883.65,4922.6,4861.2,4888.05,0
2011-10-10 05:30,4886.85,4991.15,4882.05,4979.6,0
2011-10-11 05:30,5019.9,5045.1,4964.0,4974.35,0
2011-10-12 05:30,5011.2,5109.8,4997.65,5099.4,0
2011-10-13 05:30,5130.8,5136.95,5067.65,5077.85,0
2011-10-14 05:30,5057.35,5141.4,5056.6,5132.3,0
2011-10-17 05:30,5156.2,5160.2,5084.5,5118.25,0
2011-10-18 05:30,5049.45,5057.5,5011.05,5037.5,0
2011-10-19 05:30,5080.45,5148.05,5075.3,5139.15,0
2011-10-20 05:30,5086.55,5099.0,5033.95,5091.9,0
2011-10-21 05:30,5106.6,5120.75,5037.95,5049.95,0
2011-10-24 05:30,5114.7,5145.65,5084.75,5098.35,0
2011-10-25 05:30,5137.9,5211.0,5085.55,5191.6,0
2011-10-26 05:30,5214.95,5219.25,5196.15,5201.8,0
2011-10-28 05:30,5341.9,5399.7,5322.8,5360.7,0
2011-10-31 05:30,5358.9,5360.25,5314.6,5326.6,0
2011-11-01 05:30,5278.6,5310.85,5238.3,5257.95,0
2011-11-02 05:30,5216.75,5300.1,5204.95,5258.45,0
2011-11-03 05:30,5241.55,5281.6,5201.85,5265.75,0
2011-11-04 05:30,5325.4,5326.45,5256.8,5284.2,0
2011-11-08 05:30,5292.25,5304.25,5252.0,5289.35,0
2011-11-09 05:30,5309.7,5317.5,5211.75,5221.05,0
2011-11-11 05:30,5159.75,5198.6,5142.25,5168.85,0
2011-11-14 05:30,5217.35,5228.9,5140.55,5148.35,0
2011-11-15 05:30,5131.2,5158.75,5052.85,5068.5,0
2011-11-16 05:30,5059.1,5065.2,4989.5,5030.45,0
2011-11-17 05:30,5027.1,5036.8,4919.45,4934.75,0
2011-11-18 05:30,4899.15,4915.9,4837.95,4905.8,0
2011-11-21 05:30,4873.8,4873.8,4764.8,4778.35,0
2011-11-22 05:30,4794.85,4854.0,4782.55,4812.35,0
2011-11-23 05:30,4779.5,4779.5,4640.95,4706.45,0
2011-11-24 05:30,4707.55,4771.1,4639.1,4756.45,0
2011-11-25 05:30,4731.3,4767.3,4693.1,4710.05,0
2011-11-28 05:30,4769.3,4859.1,4766.4,4851.3,0
2011-11-29 05:30,4864.2,4866.1,4787.1,4805.1,0
2011-11-30 05:30,4766.15,4851.55,4754.8,4832.05,0
2011-12-01 05:30,4970.85,5011.9,4916.7,4936.85,0
2011-12-02 05:30,4940.85,5062.55,4918.4,5050.15,0
2011-12-05 05:30,5036.5,5055.4,5002.55,5039.15,0
2011-12-07 05:30,5050.1,5099.25,5032.25,5062.6,0
2011-12-08 05:30,5037.4,5049.05,4921.45,4943.65,0
2011-12-09 05:30,4870.75,4918.35,4841.75,4866.7,0
2011-12-12 05:30,4906.85,4910.25,4755.55,4764.6,0
2011-12-13 05:30,4733.6,4824.7,4728.5,4800.6,0
2011-12-14 05:30,4788.7,4839.55,4750.4,4763.25,0
2011-12-15 05:30,4712.8,4768.65,4673.85,4746.35,0
2011-12-16 05:30,4752.5,4818.85,4628.2,4651.6,0
2011-12-19 05:30,4623.15,4623.15,4555.9,4613.1,0
2011-12-20 05:30,4635.8,4637.25,4531.15,4544.2,0
2011-12-21 05:30,4636.45,4707.35,4601.95,4693.15,0
2011-12-22 05:30,4636.9,4740.6,4632.95,4733.85,0
2011-12-23 05:30,4763.2,4763.45,4693.2,4714.0,0
2011-12-26 05:30,4718.15,4787.25,4718.15,4779.0,0
2011-12-27 05:30,4780.2,4800.5,4723.65,4750.5,0
2011-12-28 05:30,4756.2,4756.2,4685.65,4705.8,0
2011-12-29 05:30,4681.15,4701.8,4639.05,4646.25,0
2011-12-30 05:30,4659.95,4690.45,4608.9,4624.3,0
2012-01-02 05:30,4640.2,4645.95,4588.05,4636.75,0
2012-01-03 05:30,4675.8,4773.1,4675.8,4765.3,0
2012-01-04 05:30,4774.95,4782.85,4728.85,4749.65,0
2012-01-05 05:30,4749.0,4779.8,4730.15,4749.95,0
2012-01-06 05:30,4724.15,4794.9,4686.85,4754.1,0
2012-01-07 05:30,4755.6,4759.4,4743.05,4746.9,0
2012-01-09 05:30,4747.55,4758.7,4695.45,4742.8,0
2012-01-10 05:30,4771.85,4855.9,4768.25,4849.55,0
2012-01-11 05:30,4863.15,4877.2,4841.6,4860.95,0
2012-01-12 05:30,4840.95,4869.2,4803.9,4831.25,0
2012-01-13 05:30,4861.95,4898.85,4834.2,4866.0,0
2012-01-16 05:30,4844.0,4880.8,4827.05,4873.9,0
2012-01-17 05:30,4904.5,4975.55,4904.0,4967.3,0
2012-01-18 05:30,4977.75,4980.65,4931.05,4955.8,0
2012-01-19 05:30,4995.0,5023.8,4991.4,5018.4,0
2012-01-20 05:30,5044.85,5064.15,5004.3,5048.6,0
2012-01-23 05:30,5025.35,5059.55,5021.35,5046.25,0
2012-01-24 05:30,5064.8,5141.05,5049.8,5127.35,0
2012-01-25 05:30,5151.5,5174.15,5130.25,5158.3,0
2012-01-27 05:30,5216.75,5217.0,5162.4,5204.7,0
2012-01-30 05:30,5163.55,5166.15,5076.7,5087.3,0
2012-01-31 05:30,5125.25,5215.4,5120.15,5199.25,0
2012-02-01 05:30,5198.15,5244.6,5159.0,5235.7,0
2012-02-02 05:30,5272.1,5289.95,5225.75,5269.9,0
2012-02-03 05:30,5276.1,5334.85,5255.55,5325.85,0
2012-02-06 05:30,5379.45,5390.05,5327.25,5361.65,0
2012-02-07 05:30,5412.95,5413.35,5322.95,5335.15,0
2012-02-08 05:30,5343.8,5396.9,5325.2,5368.15,0
2012-02-09 05:30,5343.05,5423.4,5338.9,5412.35,0
2012-02-10 05:30,5399.8,5427.75,5341.05,5381.6,0
2012-02-13 05:30,5382.1,5421.05,5351.4,5390.2,0
2012-02-14 05:30,5380.8,5428.05,5377.95,5416.05,0
2012-02-15 05:30,5460.6,5542.1,5460.6,5531.95,0
2012-02-16 05:30,5513.75,5531.4,5483.75,5521.95,0
2012-02-17 05:30,5574.2,5606.7,5545.2,5564.3,0
2012-02-21 05:30,5561.9,5621.5,5561.75,5607.15,0
2012-02-22 05:30,5609.75,5629.95,5491.35,5505.35,0
2012-02-23 05:30,5490.05,5537.4,5460.8,5483.3,0
2012-02-24 05:30,5479.15,5521.4,5405.9,5429.3,0
2012-02-27 05:30,5448.1,5449.8,5268.15,5281.2,0
2012-02-28 05:30,5310.5,5391.1,5306.45,5375.5,0
2012-02-29 05:30,5424.95,5458.8,5352.25,5385.2,0
2012-03-01 05:30,5366.0,5372.45,5297.5,5339.75,0
2012-03-02 05:30,5369.45,5392.55,5315.05,5359.35,0
2012-03-03 05:30,5360.05,5369.6,5353.4,5359.4,0
2012-03-05 05:30,5342.55,5344.5,5265.7,5280.35,0
2012-03-06 05:30,5266.0,5382.05,5206.4,5222.4,0
2012-03-07 05:30,5207.05,5243.85,5171.45,5220.45,0
2012-03-09 05:30,5294.1,5342.3,5291.6,5333.55,0
2012-03-12 05:30,5420.1,5421.9,5327.3,5359.55,0
2012-03-13 05:30,5391.05,5438.65,5390.8,5429.5,0
2012-03-14 05:30,5490.55,5499.4,5437.8,5463.9,0
2012-03-15 05:30,5462.5,5462.5,5362.3,5380.5,0
2012-03-16 05:30,5380.35,5445.65,5305.0,5317.9,0
2012-03-19 05:30,5337.35,5340.7,5238.55,5257.05,0
2012-03-20 05:30,5257.15,5297.35,5233.25,5274.85,0
2012-03-21 05:30,5267.2,5372.35,5256.0,5364.95,0
2012-03-22 05:30,5361.1,5385.95,5205.65,5228.45,0
2012-03-23 05:30,5255.65,5312.0,5220.0,5278.2,0
2012-03-26 05:30,5274.35,5274.95,5174.9,5184.25,0
2012-03-27 05:30,5242.95,5277.95,5184.65,5243.15,0
2012-03-28 05:30,5231.7,5236.55,5169.6,5194.75,0
2012-03-29 05:30,5145.95,5194.3,5135.95,5178.85,0
2012-03-30 05:30,5206.6,5307.1,5203.65,5295.55,0
2012-04-02 05:30,5296.35,5331.55,5278.8,5317.9,0
2012-04-03 05:30,5353.2,5378.75,5344.45,5358.5,0
2012-04-04 05:30,5328.65,5338.4,5305.3,5322.9,0
2012-04-09 05:30,5282.5,5287.9,5228.0,5234.4,0
2012-04-10 05:30,5254.1,5255.8,5211.85,5243.6,0
2012-04-11 05:30,5209.45,5263.65,5190.8,5226.85,0
2012-04-12 05:30,5246.75,5290.6,5246.75,5276.85,0
2012-04-13 05:30,5255.7,5306.75,5185.4,5207.45,0
2012-04-16 05:30,5190.6,5233.5,5183.5,5226.2,0
2012-04-17 05:30,5266.6,5298.2,5208.35,5289.7,0
2012-04-18 05:30,5320.7,5342.0,5293.45,5300.0,0
2012-04-19 05:30,5320.6,5342.45,5291.3,5332.4,0
2012-04-20 05:30,5313.95,5336.15,5245.45,5290.85,0
2012-04-23 05:30,5277.4,5310.55,5187.15,5200.6,0
2012-04-24 05:30,5215.9,5232.35,5180.35,5222.65,0
2012-04-25 05:30,5222.2,5236.1,5160.65,5202.0,0
2012-04-26 05:30,5214.75,5215.6,5179.05,5189.0,0
2012-04-27 05:30,5189.0,5223.05,5154.3,5190.6,0
2012-04-28 05:30,5209.6,5216.4,5196.35,5209.0,0
2012-04-30 05:30,5201.45,5262.15,5201.45,5248.15,0
2012-05-02 05:30,5254.3,5279.6,5226.45,5239.15,0
2012-05-03 05:30,5211.2,5217.3,5180.65,5188.4,0
2012-05-04 05:30,5166.65,5177.2,5070.6,5086.85,0
2012-05-07 05:30,5017.8,5124.75,4988.0,5114.15,0
2012-05-08 05:30,5114.7,5119.95,4983.6,4999.95,0
2012-05-09 05:30,4967.9,5016.25,4956.45,4974.8,0
2012-05-10 05:30,4984.15,5039.3,4950.3,4965.7,0
2012-05-11 05:30,4938.85,4976.25,4906.15,4928.9,0
2012-05-14 05:30,4934.35,4957.2,4874.5,4907.8,0
2012-05-15 05:30,4869.85,4955.2,4868.55,4942.8,0
2012-05-16 05:30,4875.3,4882.25,4837.05,4858.25,0
2012-05-17 05:30,4878.6,4922.25,4850.2,4870.2,0
2012-05-18 05:30,4796.4,4908.5,4788.95,4891.45,0
2012-05-21 05:30,4888.5,4937.5,4888.5,4906.05,0
2012-05-22 05:30,4954.7,4956.35,4849.9,4860.5,0
2012-05-23 05:30,4843.0,4853.75,4803.95,4835.65,0
2012-05-24 05:30,4863.4,4931.9,4830.15,4921.4,0
2012-05-25 05:30,4905.95,4935.8,4889.35,4920.4,0
2012-05-28 05:30,4931.7,4994.95,4931.3,4985.65,0
2012-05-29 05:30,5005.35,5020.15,4982.15,4990.1,0
2012-05-30 05:30,4964.25,4982.25,4944.9,4950.75,0
2012-05-31 05:30,4896.1,4949.25,4883.55,4924.25,0
2012-06-01 05:30,4910.85,4925.0,4831.75,4841.6,0
2012-06-04 05:30,4797.3,4858.3,4770.35,4848.15,0
2012-06-05 05:30,4869.45,4898.95,4847.7,4863.3,0
2012-06-06 05:30,4886.65,5010.45,4886.15,4997.1,0
2012-06-07 05:30,5035.35,5059.65,5007.75,5049.65,0
2012-06-08 05:30,5044.25,5084.45,4994.8,5068.35,0
2012-06-11 05:30,5096.7,5124.45,5040.7,5054.1,0
2012-06-12 05:30,5015.5,5128.9,5015.15,5115.9,0
2012-06-13 05:30,5117.55,5144.9,5095.45,5121.45,0
2012-06-14 05:30,5105.1,5130.0,5047.6,5054.75,0
2012-06-15 05:30,5069.55,5146.2,5069.15,5139.05,0
2012-06-18 05:30,5174.0,5190.2,5041.7,5064.25,0
2012-06-19 05:30,5050.8,5113.6,5048.1,5103.85,0
2012-06-20 05:30,5114.55,5141.7,5100.7,5120.55,0
2012-06-21 05:30,5097.35,5170.4,5093.45,5165.0,0
2012-06-22 05:30,5101.75,5159.8,5094.0,5146.05,0
2012-06-25 05:30,5158.5,5194.6,5105.65,5114.65,0
2012-06-26 05:30,5107.45,5134.55,5095.5,5120.8,0
2012-06-27 05:30,5149.45,5160.1,5129.25,5141.9,0
2012-06-28 05:30,5148.95,5159.05,5125.3,5149.15,0
2012-06-29 05:30,5191.25,5286.25,5189.0,5278.9,0
2012-07-02 05:30,5283.85,5302.15,5263.35,5278.6,0
2012-07-03 05:30,5298.85,5317.0,5265.95,5287.95,0
2012-07-04 05:30,5310.4,5317.65,5273.3,5302.55,0
2012-07-05 05:30,5297.05,5333.65,5288.85,5327.3,0
2012-07-06 05:30,5324.7,5327.2,5287.75,5316.95,0
2012-07-09 05:30,5283.7,5300.6,5257.75,5275.15,0
2012-07-10 05:30,5286.6,5348.55,5284.55,5345.35,0
2012-07-11 05:30,5315.25,5336.45,5300.25,5306.3,0
2012-07-12 05:30,5240.0,5261.75,5217.7,5235.25,0
2012-07-13 05:30,5242.75,5267.15,5216.85,5227.25,0
2012-07-16 05:30,5232.35,5246.85,5190.45,5197.25,0
2012-07-17 05:30,5228.05,5236.7,5181.7,5192.85,0
2012-07-18 05:30,5199.1,5222.85,5169.05,5216.3,0
2012-07-19 05:30,5249.85,5257.75,5233.15,5242.7,0
2012-07-20 05:30,5233.55,5238.7,5197.5,5205.1,0
2012-07-23 05:30,5163.25,5164.2,5108.1,5117.95,0
2012-07-24 05:30,5128.8,5144.0,5103.25,5128.2,0
2012-07-25 05:30,5118.4,5121.6,5076.6,5109.6,0
2012-07-26 05:30,5126.3,5126.3,5032.4,5043.0,0
2012-07-27 05:30,5124.3,5149.95,5077.5,5099.85,0
2012-07-30 05:30,5129.75,5206.6,5129.75,5199.8,0
2012-07-31 05:30,5214.85,5234.55,5154.05,5229.0,0
2012-08-01 05:30,5220.7,5246.35,5212.65,5240.5,0
2012-08-02 05:30,5233.1,5236.9,5209.95,5227.75,0
2012-08-03 05:30,5195.6,5220.2,5164.65,5215.7,0
2012-08-06 05:30,5260.85,5293.2,5260.85,5282.55,0
2012-08-07 05:30,5295.4,5350.1,5281.65,5336.7,0
2012-08-08 05:30,5345.25,5377.6,5331.05,5338.0,0
2012-08-09 05:30,5348.3,5368.2,5312.1,5322.95,0
2012-08-10 05:30,5308.2,5330.1,5294.1,5320.4,0
2012-08-13 05:30,5316.35,5352.45,5309.05,5347.9,0
2012-08-14 05:30,5343.25,5387.05,5328.8,5380.35,0
2012-08-16 05:30,5385.95,5390.65,5356.65,5362.95,0
2012-08-17 05:30,5368.6,5399.95,5341.7,5366.3,0
2012-08-21 05:30,5368.7,5425.15,5368.7,5421.0,0
2012-08-22 05:30,5395.75,5433.35,5394.8,5412.85,0
2012-08-23 05:30,5426.15,5448.6,5393.85,5415.35,0
2012-08-24 05:30,5392.6,5399.65,5371.0,5386.7,0
2012-08-27 05:30,5387.85,5399.15,5346.65,5350.25,0
2012-08-28 05:30,5348.05,5359.25,5312.6,5334.6,0
2012-08-29 05:30,5343.85,5345.5,5282.7,5287.8,0
2012-08-30 05:30,5268.6,5342.8,5255.05,5315.05,0
2012-08-31 05:30,5298.2,5303.25,5238.9,5258.5,0
2012-09-03 05:30,5276.5,5295.8,5243.15,5253.75,0
2012-09-04 05:30,5249.15,5278.35,5233.2,5274.0,0
2012-09-05 05:30,5243.9,5259.5,5215.7,5225.7,0
2012-09-06 05:30,5217.65,5260.6,5217.65,5238.4,0
2012-09-07 05:30,5309.45,5347.15,5309.2,5342.1,0
2012-09-08 05:30,5343.65,5366.3,5343.45,5358.7,0
2012-09-10 05:30,5361.9,5375.45,5349.1,5363.45,0
2012-09-11 05:30,5336.1,5393.35,5332.1,5390.0,0
2012-09-12 05:30,5404.45,5435.55,5393.95,5431.0,0
2012-09-13 05:30,5435.2,5447.45,5421.85,5435.35,0
2012-09-14 05:30,5528.35,5586.65,5526.95,5577.65,0
2012-09-17 05:30,5631.75,5652.2,5585.15,5610.0,0
2012-09-18 05:30,5602.4,5620.55,5586.45,5600.05,0
2012-09-20 05:30,5536.95,5581.35,5534.9,5554.25,0
2012-09-21 05:30,5577.0,5720.0,5575.45,5691.15,0
2012-09-24 05:30,5691.95,5709.85,5662.75,5669.6,0
2012-09-25 05:30,5674.9,5702.7,5652.45,5673.9,0
2012-09-26 05:30,5653.4,5672.8,5638.65,5663.45,0
2012-09-27 05:30,5673.75,5693.7,5639.7,5649.5,0
2012-09-28 05:30,5684.8,5735.15,5683.45,5703.3,0
2012-10-01 05:30,5704.75,5722.95,5694.0,5718.8,0
2012-10-03 05:30,5727.7,5743.25,5715.8,5731.25,0
2012-10-04 05:30,5751.55,5807.25,5751.35,5787.6,0
2012-10-05 05:30,5815.0,5815.35,4888.2,5746.95,0
2012-10-08 05:30,5751.85,5751.85,5666.2,5676.0,0
2012-10-09 05:30,5708.15,5728.65,5677.9,5704.6,0
2012-10-10 05:30,5671.15,5686.5,5647.05,5652.15,0
2012-10-11 05:30,5663.5,5721.1,5636.95,5708.05,0
2012-10-12 05:30,5681.7,5725.0,5659.35,5676.05,0
2012-10-15 05:30,5674.25,5693.7,5651.05,5687.25,0
2012-10-16 05:30,5705.6,5714.0,5635.6,5648.0,0
2012-10-17 05:30,5681.1,5684.35,5633.9,5660.25,0
2012-10-18 05:30,5675.3,5722.5,5650.55,5718.7,0
2012-10-19 05:30,5703.3,5711.7,5660.0,5684.25,0
2012-10-22 05:30,5667.6,5721.55,5658.05,5717.15,0
2012-10-23 05:30,5715.65,5720.8,5681.45,5691.4,0
2012-10-25 05:30,5688.8,5718.75,5685.7,5705.3,0
2012-10-26 05:30,5683.55,5697.2,5641.75,5664.3,0
2012-10-29 05:30,5665.2,5698.3,5645.1,5665.6,0
2012-10-30 05:30,5656.35,5689.9,5589.9,5597.9,0
2012-10-31 05:30,5596.75,5624.4,5583.05,5619.7,0
2012-11-01 05:30,5609.85,5649.75,5601.95,5645.05,0
2012-11-02 05:30,5696.35,5711.3,5682.55,5697.7,0
2012-11-05 05:30,5693.05,5709.2,5679.5,5704.2,0
2012-11-06 05:30,5694.1,5730.8,5693.65,5724.4,0
2012-11-07 05:30,5718.6,5777.3,5711.4,5760.1,0
2012-11-08 05:30,5709.0,5744.5,5693.95,5738.75,0
2012-11-09 05:30,5731.1,5751.7,5677.75,5686.25,0
2012-11-12 05:30,5688.45,5718.9,5665.75,5683.7,0
2012-11-13 05:30,5689.7,5698.25,5660.35,5666.95,0
2012-11-15 05:30,5650.35,5651.65,5603.55,5631.0,0
2012-11-16 05:30,5624.8,5650.15,5559.8,5574.05,0
2012-11-19 05:30,5577.3,5592.75,5549.25,5571.4,0
2012-11-20 05:30,5604.8,5613.7,5548.35,5571.55,0
2012-11-21 05:30,5582.5,5620.2,5561.4,5614.8,0
2012-11-22 05:30,5628.6,5643.35,5608.0,5627.75,0
2012-11-23 05:30,5635.45,5637.75,5593.55,5626.6,0
2012-11-26 05:30,5648.65,5649.2,5623.45,5635.9,0
2012-11-27 05:30,5658.5,5733.2,5658.0,5727.45,0
2012-11-29 05:30,5736.7,5833.5,5736.1,5825.0,0
2012-11-30 05:30,5836.0,5885.25,5827.85,5879.85,0
2012-12-03 05:30,5878.25,5899.15,5854.6,5870.95,0
2012-12-04 05:30,5866.8,5894.95,5859.0,5889.25,0
2012-12-05 05:30,5906.6,5917.8,5891.35,5900.5,0
2012-12-06 05:30,5926.3,5942.55,5838.9,5930.9,0
2012-12-07 05:30,5934.0,5949.85,5888.65,5907.4,0
2012-12-10 05:30,5916.05,5919.95,5888.1,5908.9,0
2012-12-11 05:30,5923.8,5965.15,5865.45,5898.8,0
2012-12-12 05:30,5917.8,5924.6,5874.25,5888.0,0
2012-12-13 05:30,5900.35,5907.45,5841.35,5851.5,0
2012-12-14 05:30,5846.9,5886.1,5839.15,5879.6,0
2012-12-17 05:30,5860.5,5886.05,5850.15,5857.9,0
2012-12-18 05:30,5873.6,5905.8,5823.15,5896.8,0
2012-12-19 05:30,5917.3,5939.4,5910.8,5929.6,0
2012-12-20 05:30,5934.45,5937.6,5881.45,5916.4,0
2012-12-21 05:30,5888.0,5888.0,5841.65,5847.7,0
2012-12-24 05:30,5869.0,5871.9,5844.7,5855.75,0
2012-12-26 05:30,5864.95,5917.3,5859.55,5905.6,0
2012-12-27 05:30,5930.2,5930.8,5864.7,5870.1,0
2012-12-28 05:30,5887.15,5915.75,5879.5,5908.35,0
2012-12-31 05:30,5901.2,5919.0,5897.15,5905.1,0
2013-01-01 05:30,5937.65,5963.9,5935.2,5950.85,0
2013-01-02 05:30,5982.6,6006.05,5982.0,5993.25,0
2013-01-03 05:30,6015.8,6017.0,5986.55,6009.5,0
2013-01-04 05:30,6011.95,6020.75,5981.55,6016.15,0
2013-01-07 05:30,6042.15,6042.15,5977.15,5988.4,0
2013-01-08 05:30,5983.45,6007.05,5964.4,6001.7,0
2013-01-09 05:30,6006.2,6020.1,5958.45,5971.5,0
2013-01-10 05:30,5998.8,6005.15,5947.3,5968.65,0
2013-01-11 05:30,6012.4,6018.85,5940.6,5951.3,0
2013-01-14 05:30,5967.2,6036.9,5962.15,6024.05,0
2013-01-15 05:30,6037.85,6068.5,6018.6,6056.6,0
2013-01-16 05:30,6049.0,6055.95,5992.05,6001.85,0
2013-01-17 05:30,6001.25,6053.2,5988.1,6039.2,0
2013-01-18 05:30,6059.85,6083.4,6048.3,6064.4,0
2013-01-21 05:30,6085.75,6094.35,6065.1,6082.3,0
2013-01-22 05:30,6080.15,6101.3,6040.5,6048.5,0
2013-01-23 05:30,6052.85,6069.8,6021.15,6054.3,0
2013-01-24 05:30,6046.2,6065.3,6007.85,6019.35,0
2013-01-25 05:30,6024.5,6080.55,6014.45,6074.65,0
2013-01-28 05:30,6082.1,6088.4,6061.4,6074.8,0
2013-01-29 05:30,6064.7,6111.8,6042.45,6049.9,0
2013-01-30 05:30,6065.0,6071.95,6044.15,6055.75,0
2013-01-31 05:30,6045.65,6058.05,6025.15,6034.75,0
2013-02-01 05:30,6040.95,6052.95,5983.2,5998.9,0
2013-02-04 05:30,6025.2,6038.5,5981.25,5987.25,0
2013-02-05 05:30,5948.2,5970.35,5946.9,5956.9,0
2013-02-06 05:30,5988.05,5990.9,5953.15,5959.2,0
2013-02-07 05:30,5936.45,5978.5,5927.6,5938.8,0
2013-02-08 05:30,5929.1,5953.7,5883.65,5903.5,0
2013-02-11 05:30,5920.05,5924.15,5879.1,5897.85,0
2013-02-12 05:30,5894.35,5927.65,5886.45,5922.5,0
2013-02-13 05:30,5943.15,5969.5,5922.95,5932.95,0
2013-02-14 05:30,5933.2,5940.2,5884.55,5896.95,0
2013-02-15 05:30,5869.95,5899.95,5853.9,5887.4,0
2013-02-18 05:30,5888.65,5911.0,5878.45,5898.2,0
2013-02-19 05:30,5900.2,5947.55,5883.15,5939.7,0
2013-02-20 05:30,5966.3,5971.0,5937.55,5943.05,0
2013-02-21 05:30,5909.65,5921.15,5844.4,5852.25,0
2013-02-22 05:30,5837.95,5873.8,5835.8,5850.3,0
2013-02-25 05:30,5870.55,5878.4,5825.0,5854.75,0
2013-02-26 05:30,5838.3,5838.85,5748.6,5761.35,0
2013-02-27 05:30,5784.9,5818.2,5749.7,5796.9,0
2013-02-28 05:30,5834.35,5849.9,5671.9,5693.05,0
2013-03-01 05:30,5702.45,5739.45,5679.9,5719.7,0
2013-03-04 05:30,5704.7,5712.0,5663.6,5698.5,0
2013-03-05 05:30,5722.45,5790.1,5722.4,5784.25,0
2013-03-06 05:30,5816.4,5828.7,5795.05,5818.6,0
2013-03-07 05:30,5801.3,5878.0,5801.3,5863.3,0
2013-03-08 05:30,5883.65,5952.85,5883.0,5945.7,0
2013-03-11 05:30,5946.1,5971.2,5930.35,5942.35,0
2013-03-12 05:30,5944.6,5952.0,5893.65,5914.1,0
2013-03-13 05:30,5884.8,5893.85,5842.25,5851.2,0
2013-03-14 05:30,5845.95,5920.15,5791.75,5908.95,0
2013-03-15 05:30,5914.9,5945.65,5861.0,5872.6,0
2013-03-18 05:30,5816.75,5850.2,5814.35,5835.25,0
2013-03-19 05:30,5859.5,5863.6,5724.3,5745.95,0
2013-03-20 05:30,5740.55,5745.3,5682.3,5694.4,0
2013-03-21 05:30,5705.9,5757.75,5647.95,5658.75,0
2013-03-22 05:30,5659.8,5691.45,5631.8,5651.35,0
2013-03-25 05:30,5707.3,5718.4,5624.4,5633.85,0
2013-03-26 05:30,5613.75,5655.3,5612.05,5641.6,0
2013-03-28 05:30,5647.75,5692.95,5604.85,5682.55,0
2013-04-01 05:30,5697.35,5720.95,5675.9,5704.4,0
2013-04-02 05:30,5701.7,5754.6,5687.15,5748.1,0
2013-04-03 05:30,5740.2,5744.95,5650.1,5672.9,0
2013-04-04 05:30,5640.65,5644.45,5565.65,5574.75,0
2013-04-05 05:30,5568.1,5577.3,5534.7,5553.25,0
2013-04-08 05:30,5550.5,5569.2,5537.05,5542.95,0
2013-04-09 05:30,5568.75,5603.05,5487.0,5495.1,0
2013-04-10 05:30,5536.25,5569.25,5477.2,5558.7,0
2013-04-11 05:30,5601.65,5610.65,5542.85,5594.0,0
2013-04-12 05:30,5520.7,5544.5,5494.9,5528.55,0
2013-04-15 05:30,5508.5,5592.85,5500.3,5568.4,0
2013-04-16 05:30,5562.45,5699.25,5555.85,5688.95,0
2013-04-17 05:30,5708.65,5732.15,5669.0,5688.7,0
2013-04-18 05:30,5682.7,5794.35,5681.85,5783.1,0
2013-04-22 05:30,5789.85,5844.85,5789.8,5834.4,0
2013-04-23 05:30,5843.1,5844.3,5791.55,5836.9,0
2013-04-25 05:30,5856.1,5924.6,5853.3,5916.3,0
2013-04-26 05:30,5899.75,5907.05,5860.5,5871.45,0
2013-04-29 05:30,5877.6,5918.65,5868.8,5904.1,0
2013-04-30 05:30,5932.6,5962.3,5867.8,5930.2,0
2013-05-02 05:30,5911.4,6019.45,5910.95,5999.35,0
2013-05-03 05:30,5993.5,6000.3,5930.15,5944.0,0
2013-05-06 05:30,5944.9,5976.5,5928.45,5971.05,0
2013-05-07 05:30,5983.45,6050.5,5982.95,6043.55,0
2013-05-08 05:30,6064.15,6083.55,6024.95,6069.3,0
2013-05-09 05:30,6078.35,6084.7,6040.45,6050.15,0
2013-05-10 05:30,6046.25,6105.3,6045.6,6094.75,0
2013-05-11 05:30,6088.2,6114.55,6084.15,6107.25,0
2013-05-13 05:30,6098.2,6104.95,5972.9,5980.45,0
2013-05-14 05:30,5989.7,6026.2,5970.05,5995.4,0
2013-05-15 05:30,6018.85,6157.1,6018.85,6146.75,0
2013-05-16 05:30,6128.25,6187.3,6128.25,6169.9,0
2013-05-17 05:30,6172.95,6199.95,6146.15,6187.3,0
2013-05-20 05:30,6198.0,6229.45,6146.05,6156.9,0
2013-05-21 05:30,6152.35,6180.25,6102.35,6114.1,0
2013-05-22 05:30,6127.05,6147.6,6074.45,6094.5,0
2013-05-23 05:30,6050.4,6081.45,5955.7,5967.05,0
2013-05-24 05:30,6010.7,6015.3,5936.8,5983.55,0
2013-05-27 05:30,5989.4,6099.9,5975.55,6083.15,0
2013-05-28 05:30,6086.35,6127.65,6055.4,6111.25,0
2013-05-29 05:30,6120.45,6125.05,6069.8,6104.3,0
2013-05-30 05:30,6072.15,6133.75,6072.15,6124.05,0
2013-05-31 05:30,6098.7,6106.25,5975.55,5985.95,0
2013-06-03 05:30,5997.35,6011.0,5916.35,5939.3,0
2013-06-04 05:30,5941.1,5981.6,5910.25,5919.45,0
2013-06-05 05:30,5908.3,5935.2,5883.7,5923.85,0
2013-06-06 05:30,5895.0,5956.55,5869.5,5921.4,0
2013-06-07 05:30,5900.05,5972.7,5871.3,5881.0,0
2013-06-10 05:30,5907.9,5931.65,5857.4,5878.0,0
2013-06-11 05:30,5848.75,5868.05,5780.35,5788.8,0
2013-06-12 05:30,5771.75,5792.9,5738.6,5760.2,0
2013-06-13 05:30,5709.35,5729.85,5683.1,5699.1,0
2013-06-14 05:30,5748.95,5819.4,5739.4,5808.4,0
2013-06-17 05:30,5820.4,5854.9,5770.25,5850.05,0
2013-06-18 05:30,5841.9,5863.4,5804.3,5813.6,0
2013-06-19 05:30,5805.75,5828.4,5777.9,5822.25,0
2013-06-20 05:30,5754.15,5755.0,5645.65,5655.9,0
2013-06-21 05:30,5639.9,5686.15,5616.85,5667.65,0
2013-06-24 05:30,5638.05,5640.0,5566.25,5590.25,0
2013-06-25 05:30,5606.95,5666.25,5570.25,5609.1,0
2013-06-26 05:30,5627.95,5635.25,5579.35,5588.7,0
2013-06-27 05:30,5647.95,5699.35,5630.95,5682.35,0
2013-06-28 05:30,5749.5,5852.95,5749.5,5842.2,0
2013-07-01 05:30,5834.1,5904.35,5822.2,5898.85,0
2013-07-02 05:30,5885.5,5898.8,5852.3,5857.55,0
2013-07-03 05:30,5811.95,5815.0,5760.4,5770.9,0
2013-07-04 05:30,5794.75,5848.2,5786.05,5836.95,0
2013-07-05 05:30,5889.95,5900.45,5858.45,5867.9,0
2013-07-08 05:30,5833.15,5833.85,5775.55,5811.55,0
2013-07-09 05:30,5834.6,5864.95,5834.6,5859.0,0
2013-07-10 05:30,5869.9,5879.35,5802.85,5816.7,0
2013-07-11 05:30,5894.5,5948.85,5887.95,5935.1,0
2013-07-12 05:30,6000.5,6019.0,5951.15,6009.0,0
2013-07-15 05:30,5991.2,6038.2,5980.95,6030.8,0
2013-07-16 05:30,5930.8,5966.05,5910.95,5955.25,0
2013-07-17 05:30,5972.25,5989.8,5926.75,5973.3,0
2013-07-18 05:30,5984.7,6051.1,5974.55,6038.05,0
2013-07-19 05:30,6057.2,6066.85,6020.25,6029.2,0
2013-07-22 05:30,6009.75,6064.15,6004.25,6031.8,0
2013-07-23 05:30,6064.3,6093.35,6061.3,6077.8,0
2013-07-24 05:30,6032.2,6047.25,5962.6,5990.5,0
2013-07-25 05:30,5970.4,5990.65,5896.4,5907.5,0
2013-07-26 05:30,5937.95,5944.5,5869.5,5886.2,0
2013-07-29 05:30,5869.95,5886.0,5825.8,5831.65,0
2013-07-30 05:30,5836.05,5861.3,5747.6,5755.05,0
2013-07-31 05:30,5738.35,5752.1,5675.75,5742.0,0
2013-08-01 05:30,5776.9,5808.5,5676.85,5727.85,0
2013-08-02 05:30,5750.05,5761.85,5649.0,5677.9,0
2013-08-05 05:30,5682.4,5721.0,5661.5,5685.4,0
2013-08-06 05:30,5664.9,5664.9,5521.8,5542.25,0
2013-08-07 05:30,5549.3,5561.45,5486.85,5519.1,0
2013-08-08 05:30,5510.05,5577.6,5510.05,5565.65,0
2013-08-12 05:30,5606.7,5644.1,5557.1,5612.4,0
2013-08-13 05:30,5600.25,5704.75,5578.9,5699.3,0
2013-08-14 05:30,5715.4,5754.55,5690.2,5742.3,0
2013-08-16 05:30,5705.45,5716.6,5496.05,5507.85,0
2013-08-19 05:30,5497.55,5499.65,5360.65,5414.75,0
2013-08-20 05:30,5353.45,5417.8,5306.35,5401.45,0
2013-08-21 05:30,5494.45,5504.1,5268.45,5302.55,0
2013-08-22 05:30,5282.8,5418.95,5254.05,5408.45,0
2013-08-23 05:30,5428.75,5478.8,5377.8,5471.75,0
2013-08-26 05:30,5499.4,5528.7,5454.45,5476.5,0
2013-08-27 05:30,5426.5,5427.4,5274.25,5287.45,0
2013-08-28 05:30,5233.45,5317.7,5118.85,5285.0,0
2013-08-29 05:30,5316.5,5428.9,5303.0,5409.05,0
2013-08-30 05:30,5407.45,5493.3,5360.2,5471.8,0
2013-09-02 05:30,5480.25,5564.9,5478.85,5550.75,0
2013-09-03 05:30,5574.7,5580.95,5323.75,5341.45,0
2013-09-04 05:30,5358.65,5460.25,5318.9,5448.1,0
2013-09-05 05:30,5553.75,5625.75,5552.7,5592.95,0
2013-09-06 05:30,5617.45,5688.6,5566.15,5680.4,0
2013-09-10 05:30,5738.5,5904.85,5738.2,5896.75,0
2013-09-11 05:30,5887.25,5924.35,5832.7,5913.15,0
2013-09-12 05:30,5931.15,5932.0,5815.8,5850.7,0
2013-09-13 05:30,5828.0,5884.3,5822.9,5850.6,0
2013-09-16 05:30,5930.3,5957.25,5798.15,5840.55,0
2013-09-17 05:30,5824.2,5857.8,5804.9,5850.2,0
2013-09-18 05:30,5872.75,5916.9,5840.2,5899.45,0
2013-09-19 05:30,6044.15,6142.5,6040.15,6115.55,0
2013-09-20 05:30,6104.55,6130.95,5932.85,6012.1,0
2013-09-23 05:30,5945.8,5989.4,5871.4,5889.75,0
2013-09-24 05:30,5855.0,5938.4,5854.55,5892.45,0
2013-09-25 05:30,5901.55,5910.55,5811.1,5873.85,0
2013-09-26 05:30,5872.8,5917.65,5864.1,5882.25,0
2013-09-27 05:30,5905.55,5909.2,5819.3,5833.2,0
2013-09-30 05:30,5801.05,5810.2,5718.5,5735.3,0
2013-10-01 05:30,5756.1,5786.45,5700.95,5780.05,0
2013-10-03 05:30,5819.1,5917.6,5802.7,5909.7,0
2013-10-04 05:30,5891.3,5950.45,5885.0,5907.3,0
2013-10-07 05:30,5889.05,5912.0,5825.85,5906.15,0
2013-10-08 05:30,5975.0,5981.7,5913.0,5928.4,0
2013-10-09 05:30,5893.25,6015.5,5877.1,6007.45,0
2013-10-10 05:30,6001.05,6033.95,5979.8,6020.95,0
2013-10-11 05:30,6104.85,6107.6,6046.4,6096.2,0
2013-10-14 05:30,6093.0,6124.1,6082.9,6112.7,0
2013-10-15 05:30,6147.55,6156.3,6056.55,6089.05,0
2013-10-17 05:30,6098.5,6110.75,6032.55,6045.85,0
2013-10-18 05:30,6070.9,6201.45,6070.9,6189.35,0
2013-10-21 05:30,6202.0,6218.95,6163.3,6204.95,0
2013-10-22 05:30,6192.3,6220.1,6181.8,6202.8,0
2013-10-23 05:30,6209.55,6217.95,6116.6,6178.35,0
2013-10-24 05:30,6162.8,6252.45,6142.95,6164.35,0
2013-10-25 05:30,6154.0,6174.75,6125.95,6144.9,0
2013-10-28 05:30,6155.1,6168.75,6094.1,6101.1,0
2013-10-29 05:30,6107.55,6228.05,6079.2,6220.9,0
2013-10-30 05:30,6230.8,6269.2,6222.6,6251.7,0
2013-10-31 05:30,6237.15,6309.05,6235.9,6299.15,0
2013-11-01 05:30,6289.75,6332.6,6286.95,6307.2,0
2013-11-03 05:30,6332.05,6342.95,6311.15,6317.35,0
2013-11-05 05:30,6282.15,6304.75,6244.3,6253.15,0
2013-11-06 05:30,6260.55,6269.7,6208.7,6215.15,0
2013-11-07 05:30,6228.9,6288.95,6180.8,6187.25,0
2013-11-08 05:30,6170.15,6185.15,6120.95,6140.75,0
2013-11-11 05:30,6110.4,6141.65,6067.75,6078.8,0
2013-11-12 05:30,6087.25,6108.7,6011.75,6018.05,0
2013-11-13 05:30,5998.85,6042.25,5972.45,5989.6,0
2013-11-14 05:30,6037.0,6101.65,6036.65,6056.15,0
2013-11-18 05:30,6111.05,6196.8,6110.4,6189.0,0
2013-11-19 05:30,6197.25,6212.4,6180.2,6203.35,0
2013-11-20 05:30,6186.85,6204.35,6106.95,6122.9,0
2013-11-21 05:30,6096.5,6097.35,5985.4,5999.05,0
2013-11-22 05:30,6027.35,6049.6,5972.8,5995.45,0
2013-11-25 05:30,6035.95,6123.5,6035.95,6115.35,0
2013-11-26 05:30,6099.25,6112.7,6047.75,6059.1,0
2013-11-27 05:30,6062.7,6074.0,6030.3,6057.1,0
2013-11-28 05:30,6092.0,6112.95,6068.3,6091.85,0
2013-11-29 05:30,6103.9,6182.5,6103.8,6176.1,0
2013-12-02 05:30,6171.15,6228.7,6171.15,6217.85,0
2013-12-03 05:30,6204.25,6225.4,6191.4,6201.85,0
2013-12-04 05:30,6187.95,6209.15,6149.9,6160.95,0
2013-12-05 05:30,6262.45,6300.55,6232.0,6241.1,0
2013-12-06 05:30,6234.4,6275.35,6230.75,6259.9,0
2013-12-09 05:30,6415.0,6415.25,6345.0,6363.9,0
2013-12-10 05:30,6354.7,6362.25,6307.55,6332.85,0
2013-12-11 05:30,6307.2,6326.6,6280.25,6307.9,0
2013-12-12 05:30,6276.75,6286.85,6230.55,6237.05,0
2013-12-13 05:30,6201.3,6208.6,6161.4,6168.4,0
2013-12-16 05:30,6168.35,6183.25,6146.05,6154.7,0
2013-12-17 05:30,6178.2,6190.55,6133.0,6139.05,0
2013-12-18 05:30,6129.95,6236.0,6129.95,6217.15,0
2013-12-19 05:30,6253.9,6263.75,6150.7,6166.65,0
2013-12-20 05:30,6179.95,6284.5,6170.35,6274.25,0
2013-12-23 05:30,6267.2,6317.5,6266.95,6284.5,0
2013-12-24 05:30,6296.45,6301.5,6262.0,6268.4,0
2013-12-26 05:30,6270.1,6302.75,6259.45,6278.9,0
2013-12-27 05:30,6292.8,6324.9,6289.4,6313.8,0
2013-12-30 05:30,6336.4,6344.05,6273.15,6291.1,0
2013-12-31 05:30,6307.35,6317.3,6287.3,6304.0,0
2014-01-01 05:30,6323.8,6327.2,6298.25,6301.65,0
2014-01-02 05:30,6301.25,6358.3,6211.3,6221.15,0
2014-01-03 05:30,6194.55,6221.7,6171.25,6211.15,0
2014-01-06 05:30,6220.85,6224.7,6170.25,6191.45,0
2014-01-07 05:30,6203.9,6221.5,6144.75,6162.25,0
2014-01-08 05:30,6178.05,6192.1,6160.35,6174.6,0
2014-01-09 05:30,6181.7,6188.05,6148.25,6168.35,0
2014-01-10 05:30,6178.85,6239.1,6139.6,6171.45,0
2014-01-13 05:30,6189.55,6288.2,6189.55,6272.75,0
2014-01-14 05:30,6260.25,6280.35,6234.15,6241.85,0
2014-01-15 05:30,6265.95,6325.2,6265.3,6320.9,0
2014-01-16 05:30,6341.35,6346.5,6299.85,6318.9,0
2014-01-17 05:30,6306.25,6327.1,6246.35,6261.65,0
2014-01-20 05:30,6261.75,6307.45,6243.35,6303.95,0
2014-01-21 05:30,6320.15,6330.3,6297.9,6313.8,0
2014-01-22 05:30,6309.05,6349.95,6287.45,6338.95,0
2014-01-23 05:30,6325.95,6355.6,6316.4,6345.65,0
2014-01-24 05:30,6301.65,6331.45,6263.9,6266.75,0
2014-01-27 05:30,6186.3,6188.55,6130.25,6135.85,0
2014-01-28 05:30,6131.85,6163.6,6085.95,6126.25,0
2014-01-29 05:30,6161.0,6170.45,6109.8,6120.25,0
2014-01-30 05:30,6067.0,6082.85,6027.25,6073.7,0
2014-01-31 05:30,6082.75,6097.85,6067.35,6089.5,0
2014-02-03 05:30,6058.8,6074.85,5994.45,6001.8,0
2014-02-04 05:30,5947.6,6017.8,5933.3,6000.9,0
2014-02-05 05:30,6004.25,6028.05,5962.05,6022.4,0
2014-02-06 05:30,6028.35,6048.35,5965.4,6036.3,0
2014-02-07 05:30,6077.65,6079.95,6030.9,6063.2,0
2014-02-10 05:30,6072.8,6083.05,6046.4,6053.45,0
2014-02-11 05:30,6072.45,6081.85,6053.25,6062.7,0
2014-02-12 05:30,6085.35,6106.6,6077.4,6084.0,0
2014-02-13 05:30,6087.55,6094.4,5991.1,6001.1,0
2014-02-14 05:30,6023.75,6056.4,5984.6,6048.35,0
2014-02-17 05:30,6057.1,6080.65,6038.3,6073.3,0
2014-02-18 05:30,6071.3,6141.7,6066.8,6127.1,0
2014-02-19 05:30,6132.05,6160.35,6125.75,6152.75,0
2014-02-20 05:30,6127.15,6129.1,6086.45,6091.45,0
2014-02-21 05:30,6108.3,6159.65,6108.0,6155.45,0
2014-02-24 05:30,6140.95,6191.85,6130.8,6186.1,0
2014-02-25 05:30,6205.7,6216.85,6176.6,6200.05,0
2014-02-26 05:30,6202.45,6245.95,6202.1,6238.8,0
2014-02-28 05:30,6228.45,6282.7,6228.1,6276.95,0
2014-03-03 05:30,6264.35,6277.75,6212.25,6221.45,0
2014-03-04 05:30,6216.75,6302.15,6215.7,6297.95,0
2014-03-05 05:30,6328.45,6336.25,6287.8,6328.65,0
2014-03-06 05:30,6344.75,6406.6,6339.7,6401.15,0
2014-03-07 05:30,6413.95,6537.8,6413.55,6526.65,0
2014-03-10 05:30,6491.7,6562.2,6487.35,6537.25,0
2014-03-11 05:30,6537.35,6562.85,6494.25,6511.9,0
2014-03-12 05:30,6497.5,6546.15,6487.3,6516.9,0
2014-03-13 05:30,6491.75,6561.45,6476.65,6493.1,0
2014-03-14 05:30,6447.25,6518.45,6432.7,6504.2,0
2014-03-18 05:30,6532.45,6574.95,6497.65,6516.65,0
2014-03-19 05:30,6530.0,6541.2,6506.0,6524.05,0
2014-03-20 05:30,6508.35,6523.65,6473.25,6483.1,0
2014-03-21 05:30,6515.2,6522.9,6485.7,6493.2,0
2014-03-22 05:30,6497.8,6502.65,6481.35,6494.9,0
2014-03-24 05:30,6510.5,6591.5,6510.5,6583.5,0
2014-03-25 05:30,6550.1,6595.55,6544.85,6589.75,0
2014-03-26 05:30,6615.65,6627.45,6580.6,6601.4,0
2014-03-27 05:30,6613.1,6673.95,6599.5,6641.75,0
2014-03-28 05:30,6673.05,6702.6,6643.8,6695.9,0
2014-03-31 05:30,6723.15,6730.05,6662.4,6704.2,0
2014-04-01 05:30,6729.5,6732.25,6675.45,6721.05,0
2014-04-02 05:30,6757.6,6763.5,6723.6,6752.55,0
2014-04-03 05:30,6772.05,6776.75,6696.9,6736.1,0
2014-04-04 05:30,6741.85,6741.85,6685.15,6694.35,0
2014-04-07 05:30,6694.25,6725.15,6650.4,6695.05,0
2014-04-09 05:30,6722.0,6808.7,6705.1,6796.2,0
2014-04-10 05:30,6803.05,6819.05,6777.3,6796.4,0
2014-04-11 05:30,6758.35,6789.35,6743.15,6776.3,0
2014-04-15 05:30,6792.7,6813.4,6711.75,6733.1,0
2014-04-16 05:30,6727.25,6748.65,6665.15,6675.3,0
2014-04-17 05:30,6695.45,6783.05,6684.4,6779.4,0
2014-04-21 05:30,6789.25,6825.45,6786.9,6817.65,0
2014-04-22 05:30,6822.9,6838.0,6806.25,6815.35,0
2014-04-23 05:30,6823.25,6861.6,6820.75,6840.8,0
2014-04-25 05:30,6855.8,6869.85,6772.85,6782.75,0
2014-04-28 05:30,6778.55,6786.25,6750.3,6761.25,0
2014-04-29 05:30,6769.0,6779.7,6708.65,6715.25,0
2014-04-30 05:30,6724.95,6780.15,6656.8,6696.4,0
2014-05-02 05:30,6709.95,6737.65,6689.5,6694.8,0
2014-05-05 05:30,6681.65,6741.05,6680.45,6699.35,0
2014-05-06 05:30,6719.25,6743.45,6701.9,6715.3,0
2014-05-07 05:30,6708.6,6718.75,6642.9,6652.55,0
2014-05-08 05:30,6669.9,6688.4,6638.55,6659.85,0
2014-05-09 05:30,6654.15,6871.35,6652.15,6858.8,0
2014-05-12 05:30,6863.4,7020.05,6862.9,7014.25,0
2014-05-13 05:30,7080.0,7172.35,7067.15,7108.75,0
2014-05-14 05:30,7112.0,7142.25,7080.9,7108.75,0
2014-05-15 05:30,7111.3,7152.55,7082.55,7123.15,0
2014-05-16 05:30,7270.2,7563.5,7130.65,7203.0,0
2014-05-19 05:30,7276.85,7291.1,7193.55,7263.55,0
2014-05-20 05:30,7309.95,7353.65,7247.7,7275.5,0
2014-05-21 05:30,7274.85,7287.15,7206.7,7252.9,0
2014-05-22 05:30,7289.95,7319.55,7258.15,7276.4,0
2014-05-23 05:30,7306.5,7381.0,7293.9,7367.1,0
2014-05-26 05:30,7428.75,7504.0,7269.05,7359.05,0
2014-05-27 05:30,7363.1,7372.95,7274.75,7318.0,0
2014-05-28 05:30,7324.95,7344.75,7302.6,7329.65,0
2014-05-29 05:30,7316.6,7325.4,7224.4,7235.65,0
2014-05-30 05:30,7254.85,7272.5,7118.45,7229.95,0
2014-06-02 05:30,7264.05,7368.6,7239.5,7362.5,0
2014-06-03 05:30,7375.35,7424.95,7342.15,7415.85,0
2014-06-04 05:30,7417.55,7433.3,7391.35,7402.25,0
2014-06-05 05:30,7399.75,7484.7,7360.5,7474.1,0
2014-06-06 05:30,7521.5,7592.7,7497.65,7583.4,0
2014-06-09 05:30,7621.65,7673.7,7580.25,7654.6,0
2014-06-10 05:30,7679.05,7683.2,7579.3,7656.4,0
2014-06-11 05:30,7672.4,7700.05,7589.05,7626.85,0
2014-06-12 05:30,7641.3,7658.0,7593.8,7649.9,0
2014-06-13 05:30,7668.2,7678.5,7525.35,7542.1,0
2014-06-16 05:30,7534.8,7548.6,7487.55,7533.55,0
2014-06-17 05:30,7525.05,7637.6,7509.25,7631.7,0
2014-06-18 05:30,7636.05,7663.0,7515.5,7558.2,0
2014-06-19 05:30,7580.05,7606.45,7502.55,7540.7,0
2014-06-20 05:30,7543.3,7560.55,7497.3,7511.45,0
2014-06-23 05:30,7514.0,7534.8,7441.6,7493.35,0
2014-06-24 05:30,7515.2,7593.35,7515.2,7580.2,0
2014-06-25 05:30,7588.55,7589.25,7557.05,7569.25,0
2014-06-26 05:30,7554.1,7570.2,7481.3,7493.2,0
2014-06-27 05:30,7514.2,7538.75,7482.3,7508.8,0
2014-06-30 05:30,7534.05,7623.65,7531.6,7611.35,0
2014-07-01 05:30,7629.0,7649.5,7618.15,7634.7,0
2014-07-02 05:30,7683.05,7732.4,7677.3,7725.15,0
2014-07-03 05:30,7734.35,7754.65,7706.8,7714.8,0
2014-07-04 05:30,7718.1,7758.0,7661.3,7751.6,0
2014-07-07 05:30,7780.4,7792.0,7755.1,7787.15,0
2014-07-08 05:30,7804.05,7808.85,7595.9,7623.2,0
2014-07-09 05:30,7637.95,7650.1,7551.65,7585.0,0
2014-07-10 05:30,7589.5,7731.05,7479.05,7567.75,0
2014-07-11 05:30,7584.1,7625.85,7447.2,7459.6,0
2014-07-14 05:30,7469.0,7478.45,7422.15,7454.15,0
2014-07-15 05:30,7491.3,7534.9,7459.15,7526.65,0
2014-07-16 05:30,7564.15,7640.1,7532.45,7624.4,0
2014-07-17 05:30,7612.7,7655.65,7612.7,7640.45,0
2014-07-18 05:30,7630.25,7685.0,7595.5,7663.9,0
2014-07-21 05:30,7701.65,7722.1,7674.0,7684.2,0
2014-07-22 05:30,7708.2,7773.85,7704.8,7767.85,0
2014-07-23 05:30,7794.9,7809.2,7752.9,7795.75,0
2014-07-24 05:30,7796.25,7835.65,7771.65,7830.6,0
2014-07-25 05:30,7828.2,7840.95,7748.6,7790.45,0
2014-07-28 05:30,7792.9,7799.9,7722.65,7748.7,0
2014-07-30 05:30,7746.2,7798.7,7707.6,7791.4,0
2014-07-31 05:30,7784.65,7791.85,7711.15,7721.3,0
2014-08-01 05:30,7662.5,7716.7,7593.9,7602.6,0
2014-08-04 05:30,7639.55,7694.8,7622.05,7683.65,0
2014-08-05 05:30,7706.65,7752.45,7638.05,7746.55,0
2014-08-06 05:30,7726.15,7740.95,7658.95,7672.05,0
2014-08-07 05:30,7651.15,7708.95,7630.4,7649.25,0
2014-08-08 05:30,7588.7,7592.45,7540.1,7568.55,0
2014-08-11 05:30,7619.85,7635.55,7598.6,7625.95,0
2014-08-12 05:30,7688.8,7735.75,7654.8,7727.05,0
2014-08-13 05:30,7717.3,7757.1,7695.7,7739.55,0
2014-08-14 05:30,7756.15,7796.7,7739.1,7791.7,0
2014-08-18 05:30,7785.25,7880.5,7779.2,7874.25,0
2014-08-19 05:30,7901.0,7918.55,7881.15,7897.5,0
2014-08-20 05:30,7915.8,7922.7,7864.05,7875.3,0
2014-08-21 05:30,7875.35,7919.65,7855.95,7891.1,0
2014-08-22 05:30,7904.55,7929.05,7900.05,7913.2,0
2014-08-25 05:30,7931.75,7968.25,7897.95,7906.3,0
2014-08-26 05:30,7874.5,7915.45,7862.45,7904.75,0
2014-08-27 05:30,7933.9,7946.85,7916.55,7936.05,0
2014-08-28 05:30,7942.25,7967.8,7939.2,7954.35,0
2014-09-01 05:30,7990.35,8035.0,7984.0,8027.7,0
2014-09-02 05:30,8038.6,8101.95,8036.55,8083.05,0
2014-09-03 05:30,8110.85,8141.9,8092.25,8114.6,0
2014-09-04 05:30,8114.2,8114.8,8060.9,8095.95,0
2014-09-05 05:30,8099.9,8122.7,8049.85,8086.85,0
2014-09-08 05:30,8132.95,8180.2,8126.15,8173.9,0
2014-09-09 05:30,8161.9,8174.55,8126.5,8152.95,0
2014-09-10 05:30,8135.55,8135.75,8082.1,8094.1,0
2014-09-11 05:30,8115.15,8127.95,8057.3,8085.7,0
2014-09-12 05:30,8087.05,8114.3,8071.6,8105.5,0
2014-09-15 05:30,8070.35,8077.3,8030.0,8042.0,0
2014-09-16 05:30,8036.6,8044.9,7925.15,7932.9,0
2014-09-17 05:30,7971.5,7990.65,7936.95,7975.5,0
2014-09-18 05:30,7950.65,8120.85,7939.7,8114.75,0
2014-09-19 05:30,8129.4,8160.9,8105.35,8121.45,0
2014-09-22 05:30,8084.45,8159.9,8064.8,8146.3,0
2014-09-23 05:30,8144.4,8159.75,8008.1,8017.55,0
2014-09-24 05:30,8015.55,8042.05,7950.05,8002.4,0
2014-09-25 05:30,8003.3,8019.3,7877.35,7911.85,0
2014-09-26 05:30,7885.85,7993.3,7841.8,7968.85,0
2014-09-29 05:30,7978.45,7991.75,7934.7,7958.9,0
2014-09-30 05:30,7948.8,8030.9,7923.85,7964.8,0
2014-10-01 05:30,7960.5,7977.5,7936.7,7945.55,0
2014-10-07 05:30,7897.4,7943.05,7842.7,7852.4,0
2014-10-08 05:30,7828.75,7869.9,7815.75,7842.7,0
2014-10-09 05:30,7886.5,7972.35,7886.5,7960.55,0
2014-10-10 05:30,7911.0,7924.05,7848.45,7859.95,0
2014-10-13 05:30,7831.0,7901.15,7796.0,7884.25,0
2014-10-14 05:30,7923.25,7928.0,7825.45,7864.0,0
2014-10-16 05:30,7837.3,7893.9,7729.65,7748.2,0
2014-10-17 05:30,7733.75,7819.2,7723.85,7779.7,0
2014-10-20 05:30,7896.95,7905.95,7856.95,7879.4,0
2014-10-21 05:30,7906.15,7936.6,7874.35,7927.75,0
2014-10-22 05:30,7997.8,8005.0,7974.55,7995.9,0
2014-10-23 05:30,8027.7,8031.75,8008.85,8014.55,0
2014-10-27 05:30,8064.35,8064.4,7985.65,7991.7,0
2014-10-28 05:30,8002.4,8037.8,7995.05,8027.6,0
2014-10-29 05:30,8077.05,8097.95,8052.25,8090.45,0
2014-10-30 05:30,8085.2,8181.55,8085.2,8169.2,0
2014-10-31 05:30,8200.8,8330.75,8198.05,8322.2,0
2014-11-03 05:30,8348.15,8350.6,8297.65,8324.15,0
2014-11-05 05:30,8351.25,8365.55,8323.5,8338.3,0
2014-11-07 05:30,8331.85,8360.35,8290.25,8337.0,0
2014-11-10 05:30,8337.8,8383.05,8304.45,8344.25,0
2014-11-11 05:30,8354.1,8378.7,8321.85,8362.65,0
2014-11-12 05:30,8378.9,8415.05,8370.5,8383.3,0
2014-11-13 05:30,8405.25,8408.0,8320.35,8357.85,0
2014-11-14 05:30,8360.7,8400.65,8346.8,8389.9,0
2014-11-17 05:30,8378.4,8438.1,8349.1,8430.75,0
2014-11-18 05:30,8441.25,8454.5,8407.25,8425.9,0
2014-11-19 05:30,8440.65,8455.65,8360.5,8382.3,0
2014-11-20 05:30,8406.5,8410.85,8353.15,8401.9,0
2014-11-21 05:30,8408.2,8489.8,8398.6,8477.35,0
2014-11-24 05:30,8490.95,8534.65,8490.8,8530.15,0
2014-11-25 05:30,8530.8,8535.35,8429.45,8463.1,0
2014-11-26 05:30,8450.3,8500.3,8438.65,8475.75,0
2014-11-27 05:30,8477.8,8506.75,8456.35,8494.2,0
2014-11-28 05:30,8516.8,8617.0,8516.25,8588.25,0
2014-12-01 05:30,8605.1,8623.0,8545.15,8555.9,0
2014-12-02 05:30,8535.45,8560.2,8504.65,8524.7,0
2014-12-03 05:30,8528.7,8546.95,8508.35,8537.65,0
2014-12-04 05:30,8582.4,8626.95,8526.4,8564.4,0
2014-12-05 05:30,8584.25,8588.35,8523.9,8538.3,0
2014-12-08 05:30,8538.65,8546.35,8432.25,8438.25,0
2014-12-09 05:30,8439.3,8444.5,8330.5,8340.7,0
2014-12-10 05:30,8318.05,8376.8,8317.0,8355.65,0
2014-12-11 05:30,8338.85,8348.3,8272.4,8292.9,0
2014-12-12 05:30,8302.0,8321.9,8216.3,8224.1,0
2014-12-15 05:30,8160.75,8242.4,8152.5,8219.6,0
2014-12-16 05:30,8172.6,8189.35,8052.6,8067.6,0
2014-12-17 05:30,8041.2,8082.0,7961.35,8029.8,0
2014-12-18 05:30,8138.9,8174.3,8084.9,8159.3,0
2014-12-19 05:30,8230.45,8263.45,8208.6,8225.2,0
2014-12-22 05:30,8255.0,8330.95,8228.2,8324.0,0
2014-12-23 05:30,8324.6,8364.75,8252.85,8267.0,0
2014-12-24 05:30,8272.05,8286.4,8155.25,8174.1,0
2014-12-26 05:30,8204.8,8234.55,8147.95,8200.7,0
2014-12-29 05:30,8214.7,8279.15,8214.7,8246.3,0
2014-12-30 05:30,8260.3,8268.25,8220.55,8248.25,0
2014-12-31 05:30,8243.9,8291.0,8243.75,8282.7,0
2015-01-01 05:30,8272.8,8294.7,8248.75,8284.0,0
2015-01-02 05:30,8288.7,8410.6,8288.7,8395.45,0
2015-01-05 05:30,8407.95,8445.6,8363.9,8378.4,0
2015-01-06 05:30,8325.3,8327.85,8111.35,8127.35,0
2015-01-07 05:30,8118.65,8151.2,8065.45,8102.1,0
2015-01-08 05:30,8191.4,8243.5,8167.3,8234.6,0
2015-01-09 05:30,8285.45,8303.3,8190.8,8284.5,0
2015-01-12 05:30,8291.35,8332.6,8245.6,8323.0,0
2015-01-13 05:30,8346.15,8356.65,8267.9,8299.4,0
2015-01-14 05:30,8307.25,8326.45,8236.65,8277.55,0
2015-01-15 05:30,8424.5,8527.1,8380.55,8494.15,0
2015-01-16 05:30,8504.05,8530.75,8452.25,8513.8,0
2015-01-19 05:30,8550.05,8570.95,8531.5,8550.7,0
2015-01-20 05:30,8575.1,8707.9,8574.5,8695.6,0
2015-01-21 05:30,8719.65,8741.85,8689.6,8729.5,0
2015-01-22 05:30,8745.85,8774.15,8727.0,8761.4,0
2015-01-23 05:30,8827.95,8866.4,8795.4,8835.6,0
2015-01-27 05:30,8871.35,8925.05,8825.45,8910.5,0
2015-01-28 05:30,8902.75,8985.05,8874.05,8914.3,0
2015-01-29 05:30,8901.5,8966.65,8861.25,8952.35,0
2015-01-30 05:30,8996.6,8996.6,8775.1,8808.9,0
2015-02-02 05:30,8802.5,8840.8,8751.1,8797.4,0
2015-02-03 05:30,8823.15,8837.3,8726.65,8756.55,0
2015-02-04 05:30,8789.15,8792.85,8704.4,8723.7,0
2015-02-05 05:30,8733.1,8838.45,8683.65,8711.7,0
2015-02-06 05:30,8696.85,8726.2,8645.55,8661.05,0
2015-02-09 05:30,8584.4,8605.55,8516.35,8526.35,0
2015-02-10 05:30,8478.1,8646.25,8470.5,8565.55,0
2015-02-11 05:30,8603.3,8651.95,8593.65,8627.4,0
2015-02-12 05:30,8676.95,8732.55,8599.25,8711.55,0
2015-02-13 05:30,8741.5,8822.1,8729.65,8805.5,0
2015-02-16 05:30,8831.4,8870.1,8793.4,8809.35,0
2015-02-18 05:30,8811.55,8894.3,8808.9,8869.1,0
2015-02-19 05:30,8883.05,8913.45,8794.45,8895.3,0
2015-02-20 05:30,8895.5,8899.95,8816.3,8833.6,0
2015-02-23 05:30,8856.85,8869.0,8736.1,8754.95,0
2015-02-24 05:30,8772.9,8800.5,8726.75,8762.1,0
2015-02-25 05:30,8801.9,8840.65,8751.4,8767.25,0
2015-02-26 05:30,8779.0,8786.05,8669.45,8683.85,0
2015-02-27 05:30,8729.5,8856.95,8717.45,8844.6,0
2015-02-28 05:30,8913.05,8941.1,8751.35,8901.85,0
2015-03-02 05:30,8953.85,8972.35,8885.45,8956.75,0
2015-03-03 05:30,8962.85,9008.4,8925.55,8996.25,0
2015-03-04 05:30,9109.15,9119.2,8893.95,8922.65,0
2015-03-05 05:30,8929.4,8957.55,8849.35,8937.75,0
2015-03-09 05:30,8891.15,8891.3,8740.45,8756.75,0
2015-03-10 05:30,8769.75,8778.0,8677.35,8712.05,0
2015-03-11 05:30,8728.75,8755.6,8682.35,8699.95,0
2015-03-12 05:30,8740.65,8787.2,8732.9,8776.0,0
2015-03-13 05:30,8844.05,8849.75,8631.75,8647.75,0
2015-03-16 05:30,8656.75,8663.55,8612.0,8633.15,0
2015-03-17 05:30,8689.1,8742.55,8630.8,8723.3,0
2015-03-18 05:30,8742.9,8747.25,8664.0,8685.9,0
2015-03-19 05:30,8749.45,8788.2,8614.65,8634.65,0
2015-03-20 05:30,8627.9,8627.9,8553.0,8570.9,0
2015-03-23 05:30,8591.55,8608.35,8540.55,8550.9,0
2015-03-24 05:30,8537.05,8627.75,8535.85,8542.95,0
2015-03-25 05:30,8568.9,8573.75,8516.55,8530.8,0
2015-03-26 05:30,8474.95,8499.45,8325.35,8342.15,0
2015-03-27 05:30,8396.0,8413.2,8269.15,8341.4,0
2015-03-30 05:30,8390.95,8504.55,8380.75,8492.3,0
2015-03-31 05:30,8527.6,8550.45,8454.15,8491.0,0
2015-04-01 05:30,8483.7,8603.4,8464.75,8586.25,0
2015-04-06 05:30,8615.8,8667.55,8573.75,8659.9,0
2015-04-07 05:30,8684.45,8693.6,8586.85,8660.3,0
2015-04-08 05:30,8698.95,8730.5,8679.8,8714.4,0
2015-04-09 05:30,8756.2,8785.5,8682.45,8778.3,0
2015-04-10 05:30,8774.35,8787.4,8733.6,8780.35,0
2015-04-13 05:30,8801.75,8841.65,8762.1,8834.0,0
2015-04-15 05:30,8844.75,8844.8,8722.4,8750.2,0
2015-04-16 05:30,8757.05,8760.0,8645.65,8706.7,0
2015-04-17 05:30,8698.05,8699.85,8596.7,8606.0,0
2015-04-20 05:30,8618.8,8619.95,8422.75,8448.1,0
2015-04-21 05:30,8416.1,8469.35,8352.7,8377.75,0
2015-04-22 05:30,8400.4,8449.95,8284.7,8429.7,0
2015-04-23 05:30,8478.2,8504.95,8361.85,8398.3,0
2015-04-24 05:30,8405.7,8413.3,8273.35,8305.25,0
2015-04-27 05:30,8330.55,8334.45,8202.35,8213.8,0
2015-04-28 05:30,8215.55,8308.0,8185.15,8285.6,0
2015-04-29 05:30,8274.8,8308.2,8219.2,8239.75,0
2015-04-30 05:30,8224.5,8229.4,8144.75,8181.5,0
2015-05-04 05:30,8230.05,8346.0,8220.45,8331.95,0
2015-05-05 05:30,8338.4,8355.65,8280.6,8324.8,0
2015-05-06 05:30,8316.6,8331.95,8083.0,8097.0,0
2015-05-07 05:30,8077.0,8122.6,7997.15,8057.3,0
2015-05-08 05:30,8131.5,8224.95,8123.45,8191.5,0
2015-05-11 05:30,8243.2,8332.75,8224.65,8325.25,0
2015-05-12 05:30,8326.15,8326.65,8115.3,8126.95,0
2015-05-13 05:30,8181.55,8254.95,8089.8,8235.45,0
2015-05-14 05:30,8232.45,8236.25,8137.3,8224.2,0
2015-05-15 05:30,8240.3,8279.2,8212.2,8262.35,0
2015-05-18 05:30,8284.95,8384.6,8271.95,8373.65,0
2015-05-19 05:30,8356.2,8427.8,8335.0,8365.65,0
2015-05-20 05:30,8392.65,8440.35,8391.45,8423.25,0
2015-05-21 05:30,8434.5,8446.35,8382.5,8421.0,0
2015-05-22 05:30,8432.5,8489.55,8420.6,8458.95,0
2015-05-25 05:30,8438.15,8441.95,8364.15,8370.25,0
2015-05-26 05:30,8377.1,8378.9,8320.05,8339.35,0
2015-05-27 05:30,8302.75,8342.85,8277.95,8334.6,0
2015-05-28 05:30,8345.7,8364.5,8270.15,8319.0,0
2015-05-29 05:30,8327.1,8443.9,8305.7,8433.65,0
2015-06-01 05:30,8417.25,8467.15,8405.4,8433.4,0
2015-06-02 05:30,8442.8,8445.35,8226.05,8236.45,0
2015-06-03 05:30,8232.45,8236.7,8094.15,8135.1,0
2015-06-04 05:30,8155.15,8160.05,8056.75,8130.65,0
2015-06-05 05:30,8119.15,8191.0,8100.15,8114.7,0
2015-06-08 05:30,8124.35,8131.0,8030.55,8044.15,0
2015-06-09 05:30,8026.5,8057.15,8005.15,8022.4,0
2015-06-10 05:30,8024.15,8152.25,8023.8,8124.45,0
2015-06-11 05:30,8157.3,8163.05,7958.25,7965.35,0
2015-06-12 05:30,7959.85,7995.6,7940.3,7982.9,0
2015-06-15 05:30,7986.6,8057.7,7944.85,8013.9,0
2015-06-16 05:30,8004.2,8061.85,7952.35,8047.3,0
2015-06-17 05:30,8084.2,8136.85,8048.95,8091.55,0
2015-06-18 05:30,8113.7,8186.9,8101.8,8174.6,0
2015-06-19 05:30,8201.15,8250.8,8195.65,8224.95,0
2015-06-22 05:30,8259.3,8369.45,8257.4,8353.1,0
2015-06-23 05:30,8377.45,8398.45,8334.95,8381.55,0
2015-06-24 05:30,8399.4,8421.35,8338.9,8360.85,0
2015-06-25 05:30,8336.25,8423.15,8329.5,8398.0,0
2015-06-26 05:30,8393.95,8408.55,8339.7,8381.1,0
2015-06-29 05:30,8247.05,8329.45,8195.65,8318.4,0
2015-06-30 05:30,8316.35,8378.0,8298.95,8368.5,0
2015-07-01 05:30,8376.25,8481.6,8370.15,8453.05,0
2015-07-02 05:30,8471.95,8479.25,8433.2,8444.9,0
2015-07-03 05:30,8440.1,8497.75,8424.15,8484.9,0
2015-07-06 05:30,8386.15,8533.15,8386.15,8522.15,0
2015-07-07 05:30,8525.5,8561.35,8483.85,8510.8,0
2015-07-08 05:30,8439.2,8457.5,8341.4,8363.05,0
2015-07-09 05:30,8364.85,8400.3,8323.0,8328.55,0
2015-07-10 05:30,8365.7,8377.1,8315.4,8360.55,0
2015-07-13 05:30,8397.25,8471.65,8355.4,8459.65,0
2015-07-14 05:30,8470.6,8480.25,8424.1,8454.1,0
2015-07-15 05:30,8463.4,8531.4,8462.95,8523.8,0
2015-07-16 05:30,8546.15,8616.1,8542.9,8608.05,0
2015-07-17 05:30,8623.65,8642.95,8593.15,8609.85,0
2015-07-20 05:30,8623.9,8624.1,8559.0,8603.45,0
2015-07-21 05:30,8601.5,8646.75,8517.9,8529.45,0
2015-07-22 05:30,8512.25,8643.9,8498.65,8633.5,0
2015-07-23 05:30,8643.95,8654.75,8573.8,8589.8,0
2015-07-24 05:30,8588.15,8589.15,8513.5,8521.55,0
2015-07-27 05:30,8492.1,8492.2,8351.55,8361.0,0
2015-07-28 05:30,8371.1,8397.4,8321.75,8337.0,0
2015-07-29 05:30,8365.6,8381.5,8338.45,8375.05,0
2015-07-30 05:30,8417.0,8458.9,8408.3,8421.8,0
2015-07-31 05:30,8456.1,8548.95,8448.0,8532.85,0
2015-08-03 05:30,8510.65,8563.95,8508.1,8543.05,0
2015-08-04 05:30,8564.1,8565.15,8448.25,8516.9,0
2015-08-05 05:30,8547.45,8591.85,8545.85,8567.95,0
2015-08-06 05:30,8585.8,8606.3,8551.5,8588.65,0
2015-08-07 05:30,8580.8,8595.95,8552.7,8564.6,0
2015-08-10 05:30,8577.0,8621.55,8497.8,8525.6,0
2015-08-11 05:30,8548.45,8556.25,8441.3,8462.35,0
2015-08-12 05:30,8445.7,8446.95,8337.95,8349.45,0
2015-08-13 05:30,8384.45,8429.5,8339.75,8355.85,0
2015-08-14 05:30,8402.35,8530.1,8381.2,8518.55,0
2015-08-17 05:30,8530.5,8530.6,8428.05,8477.3,0
2015-08-18 05:30,8505.85,8525.75,8433.6,8466.55,0
2015-08-19 05:30,8468.05,8520.45,8425.95,8495.15,0
2015-08-20 05:30,8471.05,8501.35,8359.75,8372.75,0
2015-08-21 05:30,8305.4,8322.2,8225.05,8299.95,0
2015-08-24 05:30,8055.95,8060.05,7769.4,7809.0,0
2015-08-25 05:30,7895.4,7925.4,7667.25,7880.7,0
2015-08-26 05:30,7865.25,7930.05,7777.1,7791.85,0
2015-08-27 05:30,7921.6,7963.6,7862.3,7948.95,0
2015-08-28 05:30,8053.7,8091.8,7961.65,8001.95,0
2015-08-31 05:30,8009.25,8043.6,7947.95,7971.3,0
2015-09-01 05:30,7907.95,7929.1,7746.5,7785.85,0
2015-09-02 05:30,7856.65,7862.55,7699.25,7717.0,0
2015-09-03 05:30,7774.45,7845.6,7754.05,7823.0,0
2015-09-04 05:30,7803.4,7804.9,7626.85,7655.05,0
2015-09-07 05:30,7685.85,7705.05,7545.9,7558.8,0
2015-09-08 05:30,7587.7,7720.9,7539.5,7688.25,0
2015-09-09 05:30,7805.85,7846.05,7764.55,7818.6,0
2015-09-10 05:30,7729.05,7819.85,7678.5,7788.1,0
2015-09-11 05:30,7833.8,7864.85,7759.9,7789.3,0
2015-09-14 05:30,7811.1,7879.95,7761.85,7872.25,0
2015-09-15 05:30,7867.35,7880.0,7799.75,7829.1,0
2015-09-16 05:30,7886.85,7913.9,7853.3,7899.15,0
2015-09-18 05:30,7967.45,8055.0,7955.85,7981.9,0
2015-09-21 05:30,7911.5,7987.9,7908.35,7977.1,0
2015-09-22 05:30,8014.8,8021.6,7787.75,7812.0,0
2015-09-23 05:30,7737.35,7882.9,7723.25,7845.95,0
2015-09-24 05:30,7838.4,7894.5,7804.1,7868.5,0
2015-09-28 05:30,7892.8,7893.95,7787.95,7795.7,0
2015-09-29 05:30,7725.7,7926.55,7691.2,7843.3,0
2015-09-30 05:30,7924.25,7957.7,7874.5,7948.9,0
2015-10-01 05:30,7992.05,8008.25,7930.65,7950.9,0
2015-10-05 05:30,8005.1,8128.9,8005.1,8119.3,0
2015-10-06 05:30,8180.45,8180.95,8096.5,8152.9,0
2015-10-07 05:30,8146.2,8188.9,8132.9,8177.4,0
2015-10-08 05:30,8196.75,8196.75,8105.85,8129.35,0
2015-10-09 05:30,8186.35,8232.2,8139.65,8189.7,0
2015-10-12 05:30,8231.5,8244.5,8128.2,8143.6,0
2015-10-13 05:30,8121.95,8150.25,8088.6,8131.7,0
2015-10-14 05:30,8102.4,8139.3,8096.35,8107.9,0
2015-10-15 05:30,8134.35,8190.55,8129.8,8179.5,0
2015-10-16 05:30,8193.65,8246.4,8147.65,8238.15,0
2015-10-19 05:30,8262.55,8283.05,8239.2,8275.05,0
2015-10-20 05:30,8280.3,8294.05,8229.2,8261.65,0
2015-10-21 05:30,8258.35,8294.4,8217.15,8251.7,0
2015-10-23 05:30,8308.25,8328.1,8280.75,8295.45,0
2015-10-26 05:30,8333.65,8336.3,8252.05,8260.55,0
2015-10-27 05:30,8230.35,8241.95,8217.05,8232.9,0
2015-10-28 05:30,8188.9,8209.1,8131.8,8171.2,0
2015-10-29 05:30,8175.45,8179.6,8098.0,8111.75,0
2015-10-30 05:30,8123.55,8146.1,8044.4,8065.8,0
2015-11-02 05:30,8054.55,8060.7,7995.6,8050.8,0
2015-11-03 05:30,8086.35,8100.35,8031.75,8060.7,0
2015-11-04 05:30,8104.9,8116.1,8027.3,8040.2,0
2015-11-05 05:30,8030.35,8031.2,7944.1,7955.45,0
2015-11-06 05:30,7956.55,8002.65,7926.15,7954.3,0
2015-11-09 05:30,7788.25,7937.75,7771.7,7915.2,0
2015-11-10 05:30,7877.6,7885.1,7772.85,7783.35,0
2015-11-11 05:30,7838.8,7847.95,7819.1,7825.0,0
2015-11-13 05:30,7762.45,7775.1,7730.9,7762.25,0
2015-11-16 05:30,7732.95,7838.85,7714.15,7806.6,0
2015-11-17 05:30,7848.75,7860.45,7793.0,7837.55,0
2015-11-18 05:30,7823.15,7843.4,7725.05,7731.8,0
2015-11-19 05:30,7788.5,7854.9,7765.45,7842.75,0
2015-11-20 05:30,7841.9,7906.95,7817.8,7856.55,0
2015-11-23 05:30,7869.5,7877.5,7825.2,7849.25,0
2015-11-24 05:30,7837.0,7870.35,7812.65,7831.6,0
2015-11-26 05:30,7837.15,7897.1,7832.0,7883.8,0
2015-11-27 05:30,7910.6,7959.3,7879.45,7942.7,0
2015-11-30 05:30,7936.25,7966.0,7922.8,7935.25,0
2015-12-01 05:30,7958.15,7972.15,7934.15,7954.9,0
2015-12-02 05:30,7976.7,7979.3,7910.8,7931.35,0
2015-12-03 05:30,7902.3,7912.3,7853.3,7864.15,0
2015-12-04 05:30,7817.6,7821.4,7775.7,7781.9,0
2015-12-07 05:30,7816.55,7825.4,7746.05,7765.4,0
2015-12-08 05:30,7738.5,7771.25,7685.45,7701.7,0
2015-12-09 05:30,7695.5,7702.85,7606.9,7612.5,0
2015-12-10 05:30,7643.3,7691.95,7610.0,7683.3,0
2015-12-11 05:30,7699.6,7703.05,7575.3,7610.45,0
2015-12-14 05:30,7558.2,7663.95,7551.05,7650.05,0
2015-12-15 05:30,7659.15,7705.0,7625.1,7700.9,0
2015-12-16 05:30,7725.25,7776.6,7715.75,7750.9,0
2015-12-17 05:30,7783.05,7852.9,7737.55,7844.35,0
2015-12-18 05:30,7828.9,7836.15,7753.35,7761.95,0
2015-12-21 05:30,7745.65,7840.75,7733.45,7834.45,0
2015-12-22 05:30,7829.4,7846.3,7776.85,7786.1,0
2015-12-23 05:30,7830.45,7871.45,7826.1,7865.95,0
2015-12-24 05:30,7888.75,7888.75,7835.5,7861.05,0
2015-12-28 05:30,7863.2,7937.2,7863.0,7925.15,0
2015-12-29 05:30,7929.2,7942.15,7902.75,7928.95,0
2015-12-30 05:30,7938.6,7944.75,7889.85,7896.25,0
2015-12-31 05:30,7897.8,7955.55,7891.15,7946.35,0
2016-01-01 05:30,7938.45,7972.55,7909.8,7963.2,0
2016-01-04 05:30,7924.55,7937.55,7781.1,7791.3,0
2016-01-05 05:30,7828.4,7831.2,7763.25,7784.65,0
2016-01-06 05:30,7788.05,7800.95,7721.2,7741.0,0
2016-01-07 05:30,7673.35,7674.95,7556.6,7568.3,0
2016-01-08 05:30,7611.65,7634.1,7581.05,7601.35,0
2016-01-11 05:30,7527.45,7605.1,7494.35,7563.85,0
2016-01-12 05:30,7587.2,7588.3,7487.8,7510.3,0
2016-01-13 05:30,7557.9,7590.95,7425.8,7562.4,0
2016-01-14 05:30,7467.4,7604.8,7443.8,7536.8,0
2016-01-15 05:30,7561.65,7566.5,7427.3,7437.8,0
2016-01-18 05:30,7420.35,7463.65,7336.4,7351.0,0
2016-01-19 05:30,7381.8,7462.75,7364.15,7435.1,0
2016-01-20 05:30,7357.0,7470.9,7241.5,7309.3,0
2016-01-21 05:30,7376.65,7398.7,7250.0,7276.8,0
2016-01-22 05:30,7355.7,7433.4,7327.6,7422.45,0
2016-01-25 05:30,7468.75,7487.15,7421.2,7436.15,0
2016-01-27 05:30,7469.6,7477.9,7419.7,7437.75,0
2016-01-28 05:30,7426.5,7468.85,7409.6,7424.65,0
2016-01-29 05:30,7413.35,7575.65,7402.8,7563.55,0
2016-02-01 05:30,7589.5,7600.45,7541.25,7555.95,0
2016-02-02 05:30,7566.65,7576.3,7428.05,7455.55,0
2016-02-03 05:30,7392.45,7419.4,7350.3,7361.8,0
2016-02-04 05:30,7411.45,7457.05,7365.95,7404.0,0
2016-02-05 05:30,7418.25,7503.15,7406.65,7489.1,0
2016-02-08 05:30,7489.7,7512.55,7363.2,7387.25,0
2016-02-09 05:30,7303.95,7323.45,7275.15,7298.2,0
2016-02-10 05:30,7264.3,7271.85,7177.75,7215.7,0
2016-02-11 05:30,7203.6,7208.65,6959.95,6976.35,0
2016-02-12 05:30,7023.65,7034.8,6869.0,6980.95,0
2016-02-15 05:30,7057.35,7182.8,7056.8,7162.95,0
2016-02-16 05:30,7201.25,7204.65,7037.7,7048.25,0
2016-02-17 05:30,7058.85,7123.7,6960.65,7108.45,0
2016-02-18 05:30,7177.4,7215.1,7127.85,7191.75,0
2016-02-19 05:30,7170.55,7226.85,7145.95,7210.75,0
2016-02-22 05:30,7208.85,7252.4,7200.7,7234.55,0
2016-02-23 05:30,7240.3,7241.7,7090.7,7109.55,0
2016-02-24 05:30,7075.0,7090.8,7009.75,7018.7,0
2016-02-25 05:30,7029.85,7034.2,6961.4,6970.6,0
2016-02-26 05:30,7039.3,7052.9,6985.1,7029.75,0
2016-02-29 05:30,7050.45,7094.6,6825.8,6987.05,0
2016-03-01 05:30,7038.25,7235.5,7035.1,7222.3,0
2016-03-02 05:30,7321.7,7380.35,7308.15,7368.85,0
2016-03-03 05:30,7429.55,7483.95,7406.05,7475.6,0
2016-03-04 05:30,7505.4,7505.9,7444.1,7485.35,0
2016-03-08 05:30,7486.4,7527.15,7442.15,7485.3,0
2016-03-09 05:30,7436.1,7539.0,7424.3,7531.8,0
2016-03-10 05:30,7545.35,7547.1,7447.4,7486.15,0
2016-03-11 05:30,7484.85,7543.95,7460.6,7510.2,0
2016-03-14 05:30,7542.6,7583.7,7515.05,7538.75,0
2016-03-15 05:30,7535.85,7545.2,7452.8,7460.6,0
2016-03-16 05:30,7457.05,7508.0,7405.15,7498.75,0
2016-03-17 05:30,7557.4,7585.3,7479.4,7512.55,0
2016-03-18 05:30,7534.65,7613.6,7517.9,7604.35,0
2016-03-21 05:30,7619.2,7713.55,7617.7,7704.25,0
2016-03-22 05:30,7695.55,7728.2,7643.8,7714.9,0
2016-03-23 05:30,7717.45,7726.85,7670.6,7716.5,0
2016-03-28 05:30,7741.0,7749.4,7587.7,7615.1,0
2016-03-29 05:30,7606.55,7652.9,7582.25,7597.0,0
2016-03-30 05:30,7651.1,7741.95,7643.45,7735.2,0
2016-03-31 05:30,7727.65,7777.6,7702.0,7738.4,0
2016-04-01 05:30,7718.05,7740.15,7666.1,7713.05,0
2016-04-04 05:30,7733.15,7764.45,7704.4,7758.8,0
2016-04-05 05:30,7736.3,7736.3,7588.65,7603.2,0
2016-04-06 05:30,7636.05,7638.65,7591.75,7614.35,0
2016-04-07 05:30,7630.4,7630.75,7535.85,7546.45,0
2016-04-08 05:30,7542.35,7569.35,7526.7,7555.2,0
2016-04-11 05:30,7577.8,7678.8,7516.85,7671.4,0
2016-04-12 05:30,7669.25,7717.4,7663.35,7708.95,0
2016-04-13 05:30,7777.15,7864.8,7772.2,7850.45,0
2016-04-18 05:30,7908.15,7920.6,7842.75,7914.7,0
2016-04-20 05:30,7950.05,7950.4,7877.55,7914.75,0
2016-04-21 05:30,7953.65,7978.45,7884.1,7912.05,0
2016-04-22 05:30,7891.8,7923.35,7873.35,7899.3,0
2016-04-25 05:30,7894.8,7911.0,7827.0,7855.05,0
2016-04-26 05:30,7828.15,7974.5,7822.55,7962.65,0
2016-04-27 05:30,7942.0,7991.0,7940.55,7979.9,0
2016-04-28 05:30,7967.4,7992.0,7834.45,7847.25,0
2016-04-29 05:30,7844.25,7889.05,7788.7,7849.8,0
2016-05-02 05:30,7822.7,7829.8,7777.3,7805.9,0
2016-05-03 05:30,7824.8,7890.25,7735.15,7747.0,0
2016-05-04 05:30,7724.15,7749.0,7697.25,7706.55,0
2016-05-05 05:30,7731.0,7777.55,7706.85,7735.5,0
2016-05-06 05:30,7717.65,7738.9,7678.35,7733.45,0
2016-05-09 05:30,7755.25,7873.65,7753.55,7866.05,0
2016-05-10 05:30,7873.55,7896.9,7837.7,7887.8,0
2016-05-11 05:30,7804.65,7893.1,7780.9,7848.85,0
2016-05-12 05:30,7871.45,7916.05,7849.65,7900.4,0
2016-05-13 05:30,7881.0,7881.0,7784.2,7814.9,0
2016-05-16 05:30,7831.2,7873.9,7772.15,7860.75,0
2016-05-17 05:30,7896.85,7940.1,7879.7,7890.75,0
2016-05-18 05:30,7846.75,7882.05,7810.75,7870.15,0
2016-05-19 05:30,7875.5,7876.2,7766.8,7783.4,0
2016-05-20 05:30,7792.2,7812.4,7735.75,7749.7,0
2016-05-23 05:30,7813.95,7820.6,7722.2,7731.05,0
2016-05-24 05:30,7738.05,7761.55,7715.8,7748.85,0
2016-05-25 05:30,7811.8,7941.2,7809.3,7934.9,0
2016-05-26 05:30,7974.45,8083.0,7948.5,8069.65,0
2016-05-27 05:30,8081.95,8164.2,8077.05,8156.65,0
2016-05-30 05:30,8166.5,8200.0,8150.8,8178.5,0
2016-05-31 05:30,8209.85,8213.6,8134.3,8160.1,0
2016-06-01 05:30,8179.2,8215.35,8171.05,8179.95,0
2016-06-02 05:30,8156.9,8229.5,8154.75,8218.95,0
2016-06-03 05:30,8246.2,8262.0,8209.85,8220.8,0
2016-06-06 05:30,8228.75,8234.7,8186.05,8201.05,0
2016-06-07 05:30,8235.55,8294.95,8216.4,8266.45,0
2016-06-08 05:30,8285.5,8288.9,8252.05,8273.05,0
2016-06-09 05:30,8273.35,8273.35,8184.6,8203.6,0
2016-06-10 05:30,8180.25,8265.6,8162.85,8170.05,0
2016-06-13 05:30,8102.25,8125.25,8063.9,8110.6,0
2016-06-14 05:30,8134.4,8134.95,8069.5,8108.85,0
2016-06-15 05:30,8139.4,8213.2,8123.15,8206.6,0
2016-06-16 05:30,8180.65,8180.65,8074.45,8140.75,0
2016-06-17 05:30,8176.65,8195.25,8135.8,8170.2,0
2016-06-20 05:30,8115.75,8244.15,8107.35,8238.5,0
2016-06-21 05:30,8255.4,8257.25,8202.15,8219.9,0
2016-06-22 05:30,8213.65,8238.35,8153.25,8203.7,0
2016-06-23 05:30,8201.15,8285.6,8188.3,8270.45,0
2016-06-24 05:30,8029.1,8100.7,7927.05,8088.6,0
2016-06-27 05:30,8039.35,8120.65,8039.35,8094.7,0
2016-06-28 05:30,8096.05,8146.35,8086.85,8127.85,0
2016-06-29 05:30,8173.1,8212.4,8157.65,8204.0,0
2016-06-30 05:30,8260.25,8308.15,8242.1,8287.75,0
2016-07-01 05:30,8313.05,8356.75,8308.65,8328.35,0
2016-07-04 05:30,8376.75,8398.45,8364.7,8370.7,0
2016-07-05 05:30,8379.3,8381.45,8319.95,8335.95,0
2016-07-07 05:30,8342.0,8361.95,8317.7,8337.9,0
2016-07-08 05:30,8350.0,8353.3,8287.55,8323.2,0
2016-07-11 05:30,8413.35,8475.25,8407.05,8467.9,0
2016-07-12 05:30,8502.6,8526.6,8479.2,8521.05,0
2016-07-13 05:30,8540.45,8550.25,8493.55,8519.5,0
2016-07-14 05:30,8515.75,8571.4,8500.7,8565.0,0
2016-07-15 05:30,8565.45,8594.8,8510.05,8541.4,0
2016-07-18 05:30,8564.05,8587.1,8494.35,8508.7,0
2016-07-19 05:30,8514.3,8540.05,8476.7,8528.55,0
2016-07-20 05:30,8515.45,8569.9,8512.55,8565.85,0
2016-07-21 05:30,8582.7,8585.25,8503.45,8510.1,0
2016-07-22 05:30,8519.65,8548.95,8489.8,8541.2,0
2016-07-25 05:30,8519.95,8641.15,8517.2,8635.65,0
2016-07-26 05:30,8633.75,8644.9,8577.15,8590.65,0
2016-07-27 05:30,8599.4,8665.0,8572.05,8615.8,0
2016-07-28 05:30,8636.95,8674.7,8625.25,8666.3,0
2016-07-29 05:30,8668.3,8670.35,8631.15,8638.5,0
2016-08-01 05:30,8654.3,8711.3,8590.5,8636.55,0
2016-08-02 05:30,8647.45,8687.2,8611.4,8622.9,0
2016-08-03 05:30,8635.2,8635.45,8529.6,8544.85,0
2016-08-04 05:30,8599.95,8601.4,8518.15,8551.1,0
2016-08-05 05:30,8600.2,8689.4,8590.15,8683.15,0
2016-08-08 05:30,8712.85,8723.5,8697.6,8711.35,0
2016-08-09 05:30,8727.8,8728.35,8638.2,8678.25,0
2016-08-10 05:30,8686.7,8690.1,8564.6,8575.3,0
2016-08-11 05:30,8572.8,8601.15,8540.05,8592.15,0
2016-08-12 05:30,8605.45,8684.3,8604.45,8672.15,0
2016-08-16 05:30,8670.25,8682.35,8600.45,8642.55,0
2016-08-17 05:30,8639.8,8667.1,8603.6,8624.05,0
2016-08-18 05:30,8648.85,8690.7,8645.05,8673.25,0
2016-08-19 05:30,8694.3,8696.6,8647.1,8666.9,0
2016-08-22 05:30,8667.0,8684.85,8614.0,8629.15,0
2016-08-23 05:30,8628.35,8642.15,8580.0,8632.6,0
2016-08-24 05:30,8648.5,8661.05,8620.9,8650.3,0
2016-08-25 05:30,8668.85,8683.05,8583.65,8592.2,0
2016-08-26 05:30,8614.35,8622.95,8547.55,8572.55,0
2016-08-29 05:30,8583.75,8622.0,8543.75,8607.45,0
2016-08-30 05:30,8646.75,8750.6,8642.25,8744.35,0
2016-08-31 05:30,8754.05,8819.2,8754.05,8786.2,0
2016-09-01 05:30,8793.6,8813.25,8759.95,8774.65,0
2016-09-02 05:30,8796.35,8824.1,8768.2,8809.65,0
2016-09-06 05:30,8852.7,8950.85,8848.45,8943.0,0
2016-09-07 05:30,8968.7,8968.7,8913.35,8917.95,0
2016-09-08 05:30,8915.5,8960.35,8896.0,8952.5,0
2016-09-09 05:30,8934.3,8939.15,8858.7,8866.7,0
2016-09-12 05:30,8732.95,8746.95,8699.4,8715.6,0
2016-09-14 05:30,8710.65,8739.85,8688.9,8726.6,0
2016-09-15 05:30,8743.85,8751.95,8704.35,8742.55,0
2016-09-16 05:30,8780.85,8847.65,8750.5,8779.85,0
2016-09-19 05:30,8788.45,8824.3,8774.2,8808.4,0
2016-09-20 05:30,8816.1,8816.45,8759.3,8775.9,0
2016-09-21 05:30,8790.3,8826.85,8757.3,8777.15,0
2016-09-22 05:30,8873.35,8893.35,8837.8,8867.45,0
2016-09-23 05:30,8880.75,8885.2,8820.3,8831.55,0
2016-09-26 05:30,8807.9,8809.55,8715.1,8723.05,0
2016-09-27 05:30,8748.9,8768.5,8690.5,8706.4,0
2016-09-28 05:30,8711.2,8767.05,8703.15,8745.15,0
2016-09-29 05:30,8792.7,8800.65,8558.25,8591.25,0
2016-09-30 05:30,8581.5,8637.15,8555.2,8611.15,0
2016-10-03 05:30,8666.15,8745.2,8635.0,8738.1,0
2016-10-04 05:30,8770.0,8783.65,8736.1,8769.15,0
2016-10-05 05:30,8806.35,8806.95,8731.4,8743.95,0
2016-10-06 05:30,8768.7,8781.15,8684.65,8709.55,0
2016-10-07 05:30,8721.7,8723.7,8663.8,8697.6,0
2016-10-10 05:30,8735.35,8745.8,8703.95,8708.8,0
2016-10-13 05:30,8671.5,8681.55,8541.35,8573.35,0
2016-10-14 05:30,8594.0,8604.45,8549.8,8583.4,0
2016-10-17 05:30,8612.95,8615.4,8506.15,8520.4,0
2016-10-18 05:30,8556.05,8685.1,8555.9,8677.9,0
2016-10-19 05:30,8697.5,8698.75,8636.7,8659.1,0
2016-10-20 05:30,8693.35,8727.0,8678.3,8699.4,0
2016-10-21 05:30,8708.6,8709.1,8652.05,8693.05,0
2016-10-24 05:30,8709.85,8736.95,8684.15,8708.95,0
2016-10-25 05:30,8721.7,8722.65,8663.45,8691.3,0
2016-10-26 05:30,8657.3,8657.3,8596.6,8615.25,0
2016-10-27 05:30,8607.1,8624.85,8550.25,8615.25,0
2016-10-28 05:30,8625.0,8653.75,8581.75,8638.0,0
2016-10-30 05:30,8672.35,8678.25,8616.25,8625.7,0
2016-11-01 05:30,8653.15,8669.6,8614.5,8626.25,0
2016-11-02 05:30,8542.8,8549.5,8504.85,8514.0,0
2016-11-03 05:30,8499.85,8537.65,8476.15,8484.95,0
2016-11-04 05:30,8503.6,8504.0,8400.25,8433.75,0
2016-11-07 05:30,8535.75,8535.85,8481.45,8497.05,0
2016-11-08 05:30,8540.0,8559.4,8480.1,8543.55,0
2016-11-09 05:30,8067.5,8476.2,8002.25,8432.0,0
2016-11-10 05:30,8555.6,8598.45,8510.7,8525.75,0
2016-11-11 05:30,8456.65,8460.6,8284.95,8296.3,0
2016-11-15 05:30,8284.85,8288.55,8093.2,8108.45,0
2016-11-16 05:30,8205.65,8210.05,8089.4,8111.6,0
2016-11-17 05:30,8105.1,8151.25,8060.3,8079.95,0
2016-11-18 05:30,8097.55,8128.95,8048.3,8074.1,0
2016-11-21 05:30,8102.1,8102.45,7916.4,7929.1,0
2016-11-22 05:30,7989.15,8019.05,7938.15,8002.3,0
2016-11-23 05:30,8051.2,8055.2,7973.1,8033.3,0
2016-11-24 05:30,8011.8,8024.85,7952.55,7965.5,0
2016-11-25 05:30,8007.95,8122.25,7976.75,8114.3,0
2016-11-28 05:30,8080.65,8146.5,8066.5,8126.9,0
2016-11-29 05:30,8131.55,8197.35,8128.7,8142.15,0
2016-11-30 05:30,8172.15,8234.25,8139.25,8224.5,0
2016-12-01 05:30,8244.0,8250.8,8185.05,8192.9,0
2016-12-02 05:30,8153.55,8159.3,8070.05,8086.8,0
2016-12-05 05:30,8088.75,8141.9,8056.85,8128.75,0
2016-12-06 05:30,8153.15,8178.7,8130.85,8143.15,0
2016-12-07 05:30,8168.4,8190.45,8077.5,8102.05,0
2016-12-08 05:30,8152.1,8256.25,8151.75,8246.85,0
2016-12-09 05:30,8271.7,8274.95,8241.95,8261.75,0
2016-12-12 05:30,8230.65,8230.65,8154.45,8170.8,0
2016-12-13 05:30,8196.15,8228.85,8155.8,8221.8,0
2016-12-14 05:30,8229.35,8229.4,8165.1,8182.45,0
2016-12-15 05:30,8128.4,8225.9,8121.95,8153.6,0
2016-12-16 05:30,8178.2,8178.7,8127.45,8139.45,0
2016-12-19 05:30,8126.0,8132.5,8094.85,8104.35,0
2016-12-20 05:30,8110.6,8124.1,8062.75,8082.4,0
2016-12-21 05:30,8105.85,8112.55,8053.25,8061.3,0
2016-12-22 05:30,8043.85,8046.45,7964.95,7979.1,0
2016-12-23 05:30,7972.5,8022.6,7942.05,7985.75,0
2016-12-26 05:30,7965.1,7970.05,7893.8,7908.25,0
2016-12-27 05:30,7915.05,8044.65,7903.7,8032.85,0
2016-12-28 05:30,8047.55,8100.55,8028.4,8034.85,0
2016-12-29 05:30,8030.6,8111.1,8020.8,8103.6,0
2016-12-30 05:30,8119.65,8197.0,8114.75,8185.8,0
2017-01-02 05:30,8210.1,8212.0,8133.8,8179.5,0
2017-01-03 05:30,8196.05,8219.1,8148.6,8192.25,0
2017-01-04 05:30,8202.65,8218.5,8180.9,8190.5,0
2017-01-05 05:30,8226.65,8282.65,8223.7,8273.8,0
2017-01-06 05:30,8281.85,8306.85,8233.25,8243.8,0
2017-01-09 05:30,8259.35,8263.0,8227.75,8236.05,0
2017-01-10 05:30,8262.7,8293.8,8261.0,8288.6,0
2017-01-11 05:30,8327.8,8389.0,8322.25,8380.65,0
2017-01-12 05:30,8391.05,8417.2,8382.3,8407.2,0
2017-01-13 05:30,8457.65,8461.05,8373.15,8400.35,0
2017-01-16 05:30,8390.95,8426.7,8374.4,8412.8,0
2017-01-17 05:30,8415.05,8440.9,8378.3,8398.0,0
2017-01-18 05:30,8403.85,8460.3,8397.4,8417.0,0
2017-01-19 05:30,8418.4,8445.15,8404.05,8435.1,0
2017-01-20 05:30,8404.35,8423.65,8340.95,8349.35,0
2017-01-23 05:30,8329.6,8404.15,8327.2,8391.5,0
2017-01-24 05:30,8407.05,8480.95,8398.15,8475.8,0
2017-01-25 05:30,8499.45,8612.6,8493.95,8602.75,0
2017-01-27 05:30,8610.5,8672.7,8606.9,8641.25,0
2017-01-30 05:30,8635.55,8662.6,8617.75,8632.75,0
2017-01-31 05:30,8629.45,8631.75,8552.4,8561.3,0
2017-02-01 05:30,8570.35,8722.4,8537.5,8716.4,0
2017-02-02 05:30,8724.75,8757.6,8685.8,8734.25,0
2017-02-03 05:30,8735.15,8748.25,8707.75,8740.95,0
2017-02-06 05:30,8785.45,8814.1,8770.2,8801.05,0
2017-02-07 05:30,8805.7,8809.3,8741.05,8768.3,0
2017-02-08 05:30,8774.55,8791.25,8715.0,8769.05,0
2017-02-09 05:30,8795.55,8821.4,8724.1,8778.4,0
2017-02-10 05:30,8812.35,8822.1,8771.2,8793.55,0
2017-02-13 05:30,8819.8,8826.9,8754.2,8805.05,0
2017-02-14 05:30,8819.9,8820.45,8772.5,8792.3,0
2017-02-15 05:30,8778.95,8807.9,8712.85,8724.7,0
2017-02-16 05:30,8739.0,8783.95,8719.6,8778.0,0
2017-02-17 05:30,8883.7,8896.45,8804.25,8821.7,0
2017-02-20 05:30,8818.55,8886.25,8809.8,8879.2,0
2017-02-21 05:30,8890.75,8920.8,8860.95,8907.85,0
2017-02-22 05:30,8931.6,8960.75,8905.25,8926.9,0
2017-02-23 05:30,8956.4,8982.15,8927.55,8939.5,0
2017-02-27 05:30,8943.7,8951.8,8888.65,8896.7,0
2017-02-28 05:30,8898.95,8914.75,8867.6,8879.6,0
2017-03-01 05:30,8904.4,8960.8,8898.6,8945.8,0
2017-03-02 05:30,8982.85,8992.5,8879.8,8899.75,0
2017-03-03 05:30,8883.5,8907.1,8860.1,8897.55,0
2017-03-06 05:30,8915.1,8967.8,8914.0,8963.45,0
2017-03-07 05:30,8977.75,8977.85,8932.8,8946.9,0
2017-03-08 05:30,8950.7,8957.05,8891.95,8924.3,0
2017-03-09 05:30,8914.5,8945.8,8899.5,8927.0,0
2017-03-10 05:30,8953.7,8975.7,8903.95,8934.55,0
2017-03-14 05:30,9091.65,9122.75,9060.5,9087.0,0
2017-03-15 05:30,9086.85,9106.55,9075.5,9084.8,0
2017-03-16 05:30,9129.65,9158.45,9128.55,9153.7,0
2017-03-17 05:30,9207.8,9218.4,9147.6,9160.05,0
2017-03-20 05:30,9166.95,9167.6,9116.3,9126.85,0
2017-03-21 05:30,9133.95,9147.75,9087.2,9121.5,0
2017-03-22 05:30,9047.2,9072.9,9019.3,9030.45,0
2017-03-23 05:30,9048.75,9099.05,9048.6,9086.3,0
2017-03-24 05:30,9104.0,9133.55,9089.4,9108.0,0
2017-03-27 05:30,9093.45,9094.85,9024.65,9045.2,0
2017-03-28 05:30,9081.5,9110.4,9079.8,9100.8,0
2017-03-29 05:30,9128.7,9153.15,9109.1,9143.8,0
2017-03-30 05:30,9142.6,9183.15,9136.35,9173.75,0
2017-03-31 05:30,9158.9,9191.7,9152.1,9173.75,0
2017-04-03 05:30,9220.6,9245.35,9192.4,9237.85,0
2017-04-05 05:30,9264.4,9273.9,9215.4,9265.15,0
2017-04-06 05:30,9245.8,9267.95,9218.85,9261.95,0
2017-04-07 05:30,9223.7,9250.5,9188.1,9198.3,0
2017-04-10 05:30,9225.6,9225.65,9174.85,9181.45,0
2017-04-11 05:30,9184.55,9242.7,9172.85,9237.0,0
2017-04-12 05:30,9242.5,9246.4,9161.8,9203.45,0
2017-04-13 05:30,9202.5,9202.65,9144.95,9150.8,0
2017-04-17 05:30,9144.75,9160.0,9120.25,9139.3,0
2017-04-18 05:30,9163.0,9217.9,9095.45,9105.15,0
2017-04-19 05:30,9112.2,9120.5,9075.15,9103.5,0
2017-04-20 05:30,9108.1,9143.9,9102.65,9136.4,0
2017-04-21 05:30,9179.1,9183.65,9088.75,9119.4,0
2017-04-24 05:30,9135.35,9225.4,9130.55,9217.95,0
2017-04-25 05:30,9273.05,9309.2,9250.35,9306.6,0
2017-04-26 05:30,9336.2,9367.0,9301.35,9351.85,0
2017-04-27 05:30,9359.15,9367.15,9322.65,9342.15,0
2017-04-28 05:30,9340.95,9342.65,9282.25,9304.05,0
2017-05-02 05:30,9339.85,9352.55,9269.9,9313.8,0
2017-05-03 05:30,9344.7,9346.3,9298.4,9311.95,0
2017-05-04 05:30,9360.95,9365.65,9323.25,9359.9,0
2017-05-05 05:30,9374.55,9377.1,9272.0,9285.3,0
2017-05-08 05:30,9311.45,9338.7,9297.95,9314.05,0
2017-05-09 05:30,9337.35,9338.95,9307.7,9316.85,0
2017-05-10 05:30,9339.65,9414.75,9336.0,9407.3,0
2017-05-11 05:30,9448.6,9450.65,9411.3,9422.4,0
2017-05-12 05:30,9436.65,9437.75,9372.55,9400.9,0
2017-05-15 05:30,9433.55,9449.25,9423.1,9445.4,0
2017-05-16 05:30,9461.0,9517.2,9456.35,9512.25,0
2017-05-17 05:30,9517.6,9532.6,9486.1,9525.75,0
2017-05-18 05:30,9453.2,9489.1,9418.1,9429.45,0
2017-05-19 05:30,9469.9,9505.75,9390.75,9427.9,0
2017-05-22 05:30,9480.25,9498.65,9427.9,9438.25,0
2017-05-23 05:30,9445.05,9448.05,9370.0,9386.15,0
2017-05-24 05:30,9410.9,9431.9,9341.65,9360.55,0
2017-05-25 05:30,9384.05,9523.3,9379.2,9509.75,0
2017-05-26 05:30,9507.75,9604.9,9495.4,9595.1,0
2017-05-29 05:30,9560.05,9637.75,9547.7,9604.9,0
2017-05-30 05:30,9590.65,9635.3,9581.2,9624.55,0
2017-05-31 05:30,9636.55,9649.6,9609.25,9621.25,0
2017-06-01 05:30,9603.55,9634.65,9589.9,9616.1,0
2017-06-02 05:30,9657.15,9673.5,9637.45,9653.5,0
2017-06-05 05:30,9656.3,9687.2,9640.7,9675.1,0
2017-06-06 05:30,9704.25,9709.3,9630.2,9637.15,0
2017-06-07 05:30,9663.95,9678.55,9630.55,9663.9,0
2017-06-08 05:30,9682.4,9688.7,9641.5,9647.25,0
2017-06-09 05:30,9638.55,9676.25,9608.15,9668.25,0
2017-06-12 05:30,9646.7,9647.05,9598.5,9616.4,0
2017-06-13 05:30,9615.55,9654.15,9595.4,9606.9,0
2017-06-14 05:30,9621.55,9627.4,9580.45,9618.15,0
2017-06-15 05:30,9617.9,9621.4,9560.8,9578.05,0
2017-06-16 05:30,9595.45,9615.85,9565.5,9588.05,0
2017-06-19 05:30,9626.4,9673.3,9614.9,9657.55,0
2017-06-20 05:30,9670.5,9676.5,9643.75,9653.5,0
2017-06-21 05:30,9648.1,9650.45,9608.6,9633.6,0
2017-06-22 05:30,9642.65,9698.85,9617.75,9630.0,0
2017-06-23 05:30,9643.25,9647.65,9565.3,9574.95,0
2017-06-27 05:30,9594.05,9615.4,9473.45,9511.4,0
2017-06-28 05:30,9520.2,9522.5,9474.35,9491.25,0
2017-06-29 05:30,9522.95,9575.8,9493.8,9504.1,0
2017-06-30 05:30,9478.5,9535.8,9448.75,9520.9,0
2017-07-03 05:30,9587.95,9624.0,9543.55,9615.0,0
2017-07-04 05:30,9645.9,9650.65,9595.5,9613.3,0
2017-07-05 05:30,9619.75,9643.65,9607.35,9637.6,0
2017-07-06 05:30,9653.6,9700.7,9639.95,9674.55,0
2017-07-07 05:30,9670.35,9684.25,9642.65,9665.8,0
2017-07-10 05:30,9719.3,9782.15,9646.45,9771.05,0
2017-07-11 05:30,9797.45,9830.05,9778.85,9786.05,0
2017-07-12 05:30,9807.3,9824.95,9787.7,9816.1,0
2017-07-13 05:30,9855.8,9897.25,9853.45,9891.7,0
2017-07-14 05:30,9913.3,9913.3,9845.45,9886.35,0
2017-07-17 05:30,9908.15,9928.2,9894.7,9915.95,0
2017-07-18 05:30,9832.7,9885.35,9792.05,9827.15,0
2017-07-19 05:30,9855.95,9905.05,9851.65,9899.6,0
2017-07-20 05:30,9920.2,9922.55,9863.45,9873.3,0
2017-07-21 05:30,9899.6,9924.7,9838.0,9915.25,0
2017-07-24 05:30,9936.8,9982.05,9919.6,9966.4,0
2017-07-25 05:30,10010.5,10011.3,9949.1,9964.55,0
2017-07-26 05:30,9983.65,10026.0,9965.95,10020.7,0
2017-07-27 05:30,10063.2,10114.8,10005.5,10020.5,0
2017-07-28 05:30,9996.55,10026.0,9944.5,10014.5,0
2017-07-31 05:30,10034.7,10085.9,10017.0,10077.1,0
2017-08-01 05:30,10101.0,10128.6,10065.8,10114.7,0
2017-08-02 05:30,10136.3,10137.8,10054.2,10081.5,0
2017-08-03 05:30,10081.2,10081.2,9998.25,10013.7,0
2017-08-04 05:30,10008.6,10075.2,9988.35,10066.4,0
2017-08-07 05:30,10074.8,10088.1,10046.3,10057.4,0
2017-08-08 05:30,10068.3,10083.8,9947.0,9978.55,0
2017-08-09 05:30,9961.15,9969.8,9893.05,9908.05,0
2017-08-10 05:30,9872.85,9892.65,9776.2,9820.25,0
2017-08-11 05:30,9712.15,9771.65,9685.55,9710.8,0
2017-08-14 05:30,9755.75,9818.3,9752.1,9794.15,0
2017-08-16 05:30,9825.85,9903.95,9773.85,9897.3,0
2017-08-17 05:30,9945.55,9947.8,9883.75,9904.15,0
2017-08-18 05:30,9865.95,9865.95,9783.65,9837.4,0
2017-08-21 05:30,9864.25,9884.35,9740.1,9754.35,0
2017-08-22 05:30,9815.75,9828.45,9752.6,9765.55,0
2017-08-23 05:30,9803.05,9857.9,9786.75,9852.5,0
2017-08-24 05:30,9881.2,9881.5,9848.85,9857.05,0
2017-08-28 05:30,9907.15,9925.75,9882.0,9912.8,0
2017-08-29 05:30,9886.4,9887.35,9783.75,9796.05,0
2017-08-30 05:30,9859.5,9909.45,9850.8,9884.4,0
2017-08-31 05:30,9905.7,9925.1,9856.95,9917.9,0
2017-09-01 05:30,9937.65,9983.45,9909.85,9974.4,0
2017-09-04 05:30,9984.15,9988.4,9861.0,9912.85,0
2017-09-05 05:30,9933.25,9963.1,9901.05,9952.2,0
2017-09-06 05:30,9899.25,9931.55,9882.55,9916.2,0
2017-09-07 05:30,9945.85,9964.85,9917.2,9929.9,0
2017-09-08 05:30,9958.65,9963.6,9913.3,9934.8,0
2017-09-11 05:30,9971.75,10028.7,9968.8,10006.0,0
2017-09-12 05:30,10056.8,10097.5,10028.0,10093.0,0
2017-09-13 05:30,10099.2,10132.0,10063.2,10079.3,0
2017-09-14 05:30,10107.4,10126.5,10070.3,10086.6,0
2017-09-15 05:30,10062.3,10115.2,10043.7,10085.4,0
2017-09-18 05:30,10133.1,10171.7,10131.3,10153.1,0
2017-09-19 05:30,10175.6,10179.0,10130.0,10147.5,0
2017-09-20 05:30,10161.0,10171.0,10134.2,10141.2,0
2017-09-21 05:30,10139.6,10158.9,10058.6,10121.9,0
2017-09-22 05:30,10094.3,10095.0,9952.8,9964.4,0
2017-09-25 05:30,9960.1,9960.5,9816.05,9872.6,0
2017-09-26 05:30,9875.25,9891.35,9813.0,9871.5,0
2017-09-27 05:30,9920.6,9921.05,9714.4,9735.75,0
2017-09-28 05:30,9736.4,9789.2,9687.55,9768.95,0
2017-09-29 05:30,9814.3,9854.0,9775.35,9788.6,0
2017-10-03 05:30,9893.3,9895.4,9831.05,9859.5,0
2017-10-04 05:30,9884.35,9938.3,9850.65,9914.9,0
2017-10-05 05:30,9927.0,9945.95,9881.85,9888.7,0
2017-10-06 05:30,9908.15,9989.35,9906.6,9979.7,0
2017-10-09 05:30,9988.2,10015.8,9959.45,9988.75,0
2017-10-10 05:30,10013.7,10034.0,10002.3,10017.0,0
2017-10-11 05:30,10042.6,10067.2,9955.8,9984.8,0
2017-10-12 05:30,10011.2,10104.5,9977.1,10096.4,0
2017-10-13 05:30,10123.7,10191.9,10120.1,10167.5,0
2017-10-16 05:30,10207.4,10243.0,10175.1,10230.8,0
2017-10-17 05:30,10227.7,10251.8,10212.6,10234.5,0
2017-10-18 05:30,10209.4,10236.5,10175.8,10210.8,0
2017-10-19 05:30,10210.3,10212.0,10123.3,10146.5,0
2017-10-23 05:30,10176.7,10224.2,10124.5,10184.8,0
2017-10-24 05:30,10218.5,10237.8,10182.4,10207.7,0
2017-10-25 05:30,10321.2,10340.5,10240.9,10295.3,0
2017-10-26 05:30,10291.8,10355.7,10271.8,10343.8,0
2017-10-27 05:30,10362.3,10366.2,10311.3,10323.0,0
2017-10-30 05:30,10353.8,10384.5,10344.3,10363.7,0
2017-10-31 05:30,10364.9,10367.7,10324.0,10335.3,0
2017-11-01 05:30,10390.3,10451.7,10383.0,10440.5,0
2017-11-02 05:30,10440.5,10453.0,10412.5,10423.8,0
2017-11-03 05:30,10461.5,10461.7,10403.6,10452.5,0
2017-11-06 05:30,10431.8,10490.5,10413.8,10451.8,0
2017-11-07 05:30,10477.2,10485.8,10340.8,10350.2,0
2017-11-08 05:30,10362.0,10384.2,10285.5,10303.2,0
2017-11-09 05:30,10358.7,10368.5,10267.0,10309.0,0
2017-11-10 05:30,10304.3,10345.0,10254.1,10321.8,0
2017-11-13 05:30,10322.0,10334.2,10216.2,10225.0,0
2017-11-14 05:30,10223.4,10248.0,10175.5,10186.6,0
2017-11-15 05:30,10172.0,10175.5,10094.0,10118.0,0
2017-11-16 05:30,10152.9,10232.2,10139.2,10214.8,0
2017-11-17 05:30,10324.5,10343.6,10268.0,10283.6,0
2017-11-20 05:30,10287.2,10309.8,10261.5,10298.8,0
2017-11-21 05:30,10329.2,10358.7,10315.0,10326.9,0
2017-11-22 05:30,10350.8,10368.7,10309.5,10342.3,0
2017-11-23 05:30,10358.5,10374.3,10307.3,10348.8,0
2017-11-24 05:30,10366.8,10404.5,10362.2,10389.7,0
2017-11-27 05:30,10361.0,10407.2,10340.2,10399.5,0
2017-11-28 05:30,10387.9,10409.5,10355.2,10370.2,0
2017-11-29 05:30,10376.7,10393.0,10345.9,10361.3,0
2017-11-30 05:30,10332.7,10332.7,10211.2,10226.5,0
2017-12-01 05:30,10263.7,10272.7,10108.5,10121.8,0
2017-12-04 05:30,10175.0,10179.2,10095.7,10127.8,0
2017-12-05 05:30,10118.2,10148.0,10069.1,10118.2,0
2017-12-06 05:30,10088.8,10104.2,10033.3,10044.1,0
2017-12-07 05:30,10063.5,10182.7,10061.9,10166.7,0
2017-12-08 05:30,10198.5,10270.8,10195.2,10265.7,0
2017-12-11 05:30,10310.5,10329.2,10282.0,10322.2,0
2017-12-12 05:30,10324.9,10326.1,10230.2,10240.2,0
2017-12-13 05:30,10236.6,10296.5,10169.8,10193.0,0
2017-12-14 05:30,10229.3,10276.1,10141.5,10252.1,0
2017-12-15 05:30,10345.7,10373.1,10319.7,10333.2,0
2017-12-18 05:30,10263.1,10443.5,10074.8,10388.8,0
2017-12-19 05:30,10414.8,10472.2,10406.0,10463.2,0
2017-12-20 05:30,10494.4,10494.5,10437.2,10444.2,0
2017-12-21 05:30,10474.0,10474.0,10426.9,10440.3,0
2017-12-22 05:30,10457.3,10501.1,10448.2,10493.0,0
2017-12-26 05:30,10512.3,10545.5,10478.0,10531.5,0
2017-12-27 05:30,10531.0,10552.4,10469.2,10490.8,0
2017-12-28 05:30,10498.2,10534.5,10460.5,10477.9,0
2017-12-29 05:30,10492.3,10538.7,10488.7,10530.7,0
2018-01-01 05:30,10531.7,10537.8,10423.1,10435.5,0
2018-01-02 05:30,10477.5,10495.2,10404.7,10442.2,0
2018-01-03 05:30,10482.7,10503.6,10429.5,10443.2,0
2018-01-04 05:30,10469.4,10513.0,10441.5,10504.8,0
2018-01-05 05:30,10534.2,10566.1,10520.1,10558.8,0
2018-01-08 05:30,10591.7,10631.2,10588.5,10623.6,0
2018-01-09 05:30,10645.1,10659.2,10603.6,10637.0,0
2018-01-10 05:30,10652.0,10655.5,10592.7,10632.2,0
2018-01-11 05:30,10637.0,10664.6,10612.3,10651.2,0
2018-01-12 05:30,10682.5,10690.4,10597.1,10681.2,0
2018-01-15 05:30,10718.5,10782.7,10713.8,10741.5,0
2018-01-16 05:30,10761.5,10762.3,10687.8,10700.5,0
2018-01-17 05:30,10702.5,10803.0,10666.8,10788.5,0
2018-01-18 05:30,10873.4,10887.5,10782.4,10817.0,0
2018-01-19 05:30,10829.2,10906.8,10793.9,10894.7,0
2018-01-22 05:30,10883.2,10975.1,10881.4,10966.2,0
2018-01-23 05:30,10997.4,11092.9,10994.5,11083.7,0
2018-01-24 05:30,11069.3,11110.1,11046.2,11086.0,0
2018-01-25 05:30,11095.6,11095.6,11009.2,11069.7,0
2018-01-29 05:30,11079.3,11171.5,11076.0,11130.4,0
2018-01-30 05:30,11120.8,11121.1,11033.9,11049.7,0
2018-01-31 05:30,11018.8,11058.5,10979.3,11027.7,0
2018-02-01 05:30,11044.5,11117.3,10878.8,11016.9,0
2018-02-02 05:30,10938.2,10955.0,10736.1,10760.6,0
2018-02-05 05:30,10604.3,10702.8,10586.8,10666.5,0
2018-02-06 05:30,10295.2,10594.2,10276.3,10498.2,0
2018-02-07 05:30,10607.2,10614.0,10446.4,10476.7,0
2018-02-08 05:30,10518.5,10637.8,10479.5,10576.8,0
2018-02-09 05:30,10416.5,10480.2,10398.2,10455.0,0
2018-02-12 05:30,10518.2,10555.5,10485.4,10539.8,0
2018-02-14 05:30,10585.8,10590.5,10456.7,10500.9,0
2018-02-15 05:30,10537.9,10618.1,10511.0,10545.5,0
2018-02-16 05:30,10596.2,10612.9,10434.0,10452.3,0
2018-02-19 05:30,10488.9,10489.3,10302.8,10378.4,0
2018-02-20 05:30,10391.0,10429.3,10347.7,10360.4,0
2018-02-21 05:30,10426.0,10426.1,10349.6,10397.5,0
2018-02-22 05:30,10354.3,10397.5,10340.7,10382.7,0
2018-02-23 05:30,10408.1,10499.1,10396.7,10491.0,0
2018-02-26 05:30,10526.5,10593.0,10520.2,10582.6,0
2018-02-27 05:30,10615.2,10631.7,10537.2,10554.3,0
2018-02-28 05:30,10489.0,10535.5,10461.5,10492.8,0
2018-03-01 05:30,10480.0,10525.5,10447.2,10458.3,0
2018-03-05 05:30,10428.3,10428.7,10323.9,10358.8,0
2018-03-06 05:30,10420.5,10441.3,10215.9,10249.2,0
2018-03-07 05:30,10233.0,10243.3,10141.5,10154.2,0
2018-03-08 05:30,10216.2,10270.3,10146.4,10242.7,0
2018-03-09 05:30,10271.3,10296.7,10211.9,10226.8,0
2018-03-12 05:30,10301.6,10433.7,10295.5,10421.4,0
2018-03-13 05:30,10389.5,10478.6,10377.8,10426.8,0
2018-03-14 05:30,10393.0,10420.3,10336.3,10410.9,0
2018-03-15 05:30,10405.5,10420.0,10346.2,10360.2,0
2018-03-16 05:30,10345.2,10346.3,10180.2,10195.2,0
2018-03-19 05:30,10215.3,10224.5,10075.3,10094.2,0
2018-03-20 05:30,10051.5,10155.7,10049.1,10124.3,0
2018-03-21 05:30,10182.0,10227.3,10133.0,10155.2,0
2018-03-22 05:30,10167.5,10207.8,10105.4,10114.8,0
2018-03-23 05:30,9968.8,10027.7,9951.9,9998.05,0
2018-03-26 05:30,9989.15,10143.5,9958.55,10130.7,0
2018-03-27 05:30,10188.0,10207.9,10139.7,10184.2,0
2018-03-28 05:30,10143.6,10158.3,10096.9,10113.7,0
2018-04-02 05:30,10151.7,10220.1,10127.8,10211.8,0
2018-04-03 05:30,10186.8,10255.3,10171.0,10245.0,0
2018-04-04 05:30,10274.6,10279.8,10111.3,10128.4,0
2018-04-05 05:30,10228.5,10331.8,10227.5,10325.2,0
2018-04-06 05:30,10322.8,10350.5,10290.8,10331.6,0
2018-04-09 05:30,10333.7,10397.7,10328.5,10379.3,0
2018-04-10 05:30,10412.9,10424.8,10381.5,10402.2,0
2018-04-11 05:30,10428.2,10428.2,10355.6,10417.2,0
2018-04-12 05:30,10410.7,10469.9,10395.2,10458.7,0
2018-04-13 05:30,10495.3,10519.9,10451.5,10480.6,0
2018-04-16 05:30,10398.3,10540.2,10396.3,10528.3,0
2018-04-17 05:30,10557.3,10560.5,10495.7,10548.7,0
2018-04-18 05:30,10578.9,10594.2,10509.7,10526.2,0
2018-04-19 05:30,10563.7,10572.2,10546.2,10565.3,0
2018-04-20 05:30,10560.3,10582.3,10527.5,10564.0,0
2018-04-23 05:30,10592.8,10638.3,10515.0,10584.7,0
2018-04-24 05:30,10578.1,10636.8,10569.0,10614.3,0
2018-04-25 05:30,10612.4,10612.6,10536.5,10570.5,0
2018-04-26 05:30,10586.5,10628.4,10559.7,10617.8,0
2018-04-27 05:30,10651.7,10719.8,10647.5,10692.3,0
2018-04-30 05:30,10705.8,10759.0,10704.6,10739.3,0
2018-05-02 05:30,10783.8,10784.7,10689.8,10718.0,0
2018-05-03 05:30,10720.2,10720.6,10647.5,10679.7,0
2018-05-04 05:30,10700.5,10700.5,10601.6,10618.2,0
2018-05-07 05:30,10653.2,10725.7,10635.7,10715.5,0
2018-05-08 05:30,10757.9,10758.5,10689.4,10717.8,0
2018-05-09 05:30,10693.3,10766.2,10689.8,10741.7,0
2018-05-10 05:30,10779.7,10785.5,10705.0,10716.5,0
2018-05-11 05:30,10742.0,10812.0,10724.5,10806.5,0
2018-05-14 05:30,10815.2,10834.8,10774.8,10806.6,0
2018-05-15 05:30,10812.6,10929.2,10781.4,10801.8,0
2018-05-16 05:30,10752.0,10790.5,10699.7,10741.1,0
2018-05-17 05:30,10775.6,10777.2,10664.5,10682.7,0
2018-05-18 05:30,10671.8,10675.0,10589.1,10596.4,0
2018-05-21 05:30,10616.7,10621.7,10505.8,10516.7,0
2018-05-22 05:30,10518.5,10558.6,10490.5,10536.7,0
2018-05-23 05:30,10521.1,10533.5,10417.8,10430.3,0
2018-05-24 05:30,10464.8,10535.2,10419.8,10513.8,0
2018-05-25 05:30,10533.0,10628.0,10524.0,10605.2,0
2018-05-28 05:30,10648.3,10709.8,10640.5,10688.7,0
2018-05-29 05:30,10689.4,10717.2,10616.1,10633.3,0
2018-05-30 05:30,10579.0,10648.7,10558.5,10614.3,0
2018-05-31 05:30,10670.1,10763.8,10620.4,10736.2,0
2018-06-01 05:30,10738.5,10764.8,10681.5,10696.2,0
2018-06-04 05:30,10766.0,10770.3,10618.3,10628.5,0
2018-06-05 05:30,10630.7,10633.2,10550.9,10593.2,0
2018-06-06 05:30,10603.5,10698.3,10587.5,10684.7,0
2018-06-07 05:30,10722.6,10818.0,10722.6,10768.3,0
2018-06-08 05:30,10736.4,10779.5,10709.0,10767.7,0
2018-06-11 05:30,10781.8,10850.5,10777.0,10787.0,0
2018-06-12 05:30,10816.2,10856.5,10789.4,10842.8,0
2018-06-13 05:30,10887.5,10893.2,10842.7,10856.7,0
2018-06-14 05:30,10832.9,10833.7,10773.5,10808.0,0
2018-06-15 05:30,10808.7,10834.0,10755.4,10817.7,0
2018-06-18 05:30,10830.2,10830.2,10787.3,10799.8,0
2018-06-19 05:30,10789.5,10789.5,10701.2,10710.5,0
2018-06-20 05:30,10734.7,10781.8,10724.0,10772.0,0
2018-06-21 05:30,10808.5,10809.6,10725.9,10741.1,0
2018-06-22 05:30,10742.7,10837.0,10710.5,10821.8,0
2018-06-25 05:30,10822.9,10831.0,10753.0,10762.5,0
2018-06-26 05:30,10742.7,10805.2,10732.5,10769.2,0
2018-06-27 05:30,10785.5,10785.5,10652.4,10671.4,0
2018-06-28 05:30,10660.8,10674.2,10557.7,10589.1,0
2018-06-29 05:30,10612.8,10723.0,10612.3,10714.3,0
2018-07-02 05:30,10732.3,10736.2,10604.7,10657.3,0
2018-07-03 05:30,10668.6,10713.3,10630.2,10699.9,0
2018-07-04 05:30,10715.0,10777.2,10677.8,10769.9,0
2018-07-05 05:30,10786.0,10786.0,10726.2,10749.8,0
2018-07-06 05:30,10744.2,10816.3,10735.0,10772.7,0
2018-07-09 05:30,10838.3,10860.3,10807.2,10852.9,0
2018-07-10 05:30,10902.8,10956.9,10876.7,10947.2,0
2018-07-11 05:30,10956.4,10976.7,10923.0,10948.3,0
2018-07-12 05:30,11007.0,11078.3,10999.7,11023.2,0
2018-07-13 05:30,11056.9,11071.3,10999.8,11018.9,0
2018-07-16 05:30,11019.0,11019.5,10926.2,10936.8,0
2018-07-17 05:30,10939.7,11018.5,10925.6,11008.0,0
2018-07-18 05:30,11060.2,11076.2,10956.3,10980.5,0
2018-07-19 05:30,10999.5,11006.5,10935.5,10957.1,0
2018-07-20 05:30,10963.5,11030.2,10946.2,11010.2,0
2018-07-23 05:30,11019.8,11093.4,11011.0,11084.8,0
2018-07-24 05:30,11109.0,11143.4,11092.5,11134.3,0
2018-07-25 05:30,11148.4,11157.2,11113.2,11132.0,0
2018-07-26 05:30,11133.0,11185.8,11125.7,11167.3,0
2018-07-27 05:30,11232.8,11283.4,11210.2,11278.3,0
2018-07-30 05:30,11296.7,11328.1,11261.5,11319.5,0
2018-07-31 05:30,11311.0,11366.0,11267.8,11356.5,0
2018-08-01 05:30,11359.8,11390.5,11313.5,11346.2,0
2018-08-02 05:30,11328.9,11328.9,11235.0,11244.7,0
2018-08-03 05:30,11297.8,11368.0,11294.5,11360.8,0
2018-08-06 05:30,11401.5,11427.7,11370.6,11387.1,0
2018-08-07 05:30,11423.2,11429.0,11359.7,11389.5,0
2018-08-08 05:30,11412.5,11460.0,11379.3,11450.0,0
2018-08-09 05:30,11493.2,11495.2,11454.1,11470.7,0
2018-08-10 05:30,11475.0,11478.8,11419.7,11429.5,0
2018-08-13 05:30,11369.6,11406.3,11340.3,11355.8,0
2018-08-14 05:30,11381.7,11452.5,11370.8,11435.1,0
2018-08-16 05:30,11397.2,11449.8,11366.2,11385.0,0
2018-08-17 05:30,11437.2,11486.5,11431.8,11470.8,0
2018-08-20 05:30,11502.1,11565.3,11499.7,11551.8,0
2018-08-21 05:30,11576.2,11581.8,11539.6,11570.9,0
2018-08-23 05:30,11620.7,11620.7,11546.7,11582.8,0
2018-08-24 05:30,11566.6,11604.6,11532.0,11557.1,0
2018-08-27 05:30,11605.8,11701.0,11595.6,11692.0,0
2018-08-28 05:30,11732.0,11760.2,11710.5,11738.5,0
2018-08-29 05:30,11745.0,11753.2,11678.8,11691.9,0
2018-08-30 05:30,11694.8,11698.8,11639.7,11676.8,0
2018-08-31 05:30,11675.8,11727.7,11640.1,11680.5,0
2018-09-03 05:30,11751.8,11751.8,11567.4,11582.3,0
2018-09-04 05:30,11598.8,11602.5,11496.8,11520.3,0
2018-09-05 05:30,11514.8,11542.7,11393.8,11477.0,0
2018-09-06 05:30,11514.2,11562.2,11436.0,11536.9,0
2018-09-07 05:30,11558.2,11603.0,11484.4,11589.1,0
2018-09-10 05:30,11570.2,11573.0,11427.3,11438.1,0
2018-09-11 05:30,11476.8,11479.4,11274.0,11287.5,0
2018-09-12 05:30,11340.1,11380.8,11250.2,11369.9,0
2018-09-14 05:30,11443.5,11523.2,11430.5,11515.2,0
2018-09-17 05:30,11465.0,11465.0,11366.9,11377.8,0
2018-09-18 05:30,11381.5,11411.5,11269.0,11278.9,0
2018-09-19 05:30,11326.7,11332.0,11210.9,11234.3,0
2018-09-21 05:30,11271.3,11346.8,10866.5,11143.1,0
2018-09-24 05:30,11164.4,11170.2,10943.6,10967.4,0
2018-09-25 05:30,10970.0,11080.6,10882.8,11067.5,0
2018-09-26 05:30,11145.5,11145.5,10993.0,11053.8,0
2018-09-27 05:30,11079.8,11089.5,10953.3,10977.5,0
2018-09-28 05:30,11008.1,11034.1,10850.3,10930.5,0
2018-10-01 05:30,10930.9,11035.7,10821.5,11008.3,0
2018-10-03 05:30,10982.7,10989.0,10843.8,10858.2,0
2018-10-04 05:30,10754.7,10754.7,10547.2,10599.2,0
2018-10-05 05:30,10514.1,10540.7,10261.9,10316.5,0
2018-10-08 05:30,10310.2,10398.3,10198.4,10348.0,0
2018-10-09 05:30,10390.3,10397.6,10279.3,10301.0,0
2018-10-10 05:30,10331.8,10482.3,10318.2,10460.1,0
2018-10-11 05:30,10169.8,10336.0,10138.6,10234.7,0
2018-10-12 05:30,10331.5,10492.5,10322.2,10472.5,0
2018-10-15 05:30,10524.2,10526.3,10410.2,10512.5,0
2018-10-16 05:30,10550.2,10604.9,10525.3,10584.8,0
2018-10-17 05:30,10688.7,10710.2,10436.5,10453.0,0
2018-10-19 05:30,10339.7,10380.1,10249.6,10303.5,0
2018-10-22 05:30,10405.8,10408.5,10224.0,10245.2,0
2018-10-23 05:30,10152.6,10222.1,10102.3,10146.8,0
2018-10-24 05:30,10278.2,10290.7,10126.7,10224.8,0
2018-10-25 05:30,10135.0,10166.6,10079.3,10124.9,0
2018-10-26 05:30,10122.3,10128.8,10004.5,10030.0,0
2018-10-29 05:30,10078.1,10275.3,10020.3,10250.8,0
2018-10-30 05:30,10239.4,10285.1,10175.3,10198.4,0
2018-10-31 05:30,10209.5,10396.0,10105.1,10386.6,0
2018-11-01 05:30,10441.7,10441.9,10341.9,10380.5,0
2018-11-02 05:30,10462.3,10607.0,10457.7,10553.0,0
2018-11-05 05:30,10558.8,10558.8,10477.0,10524.0,0
2018-11-06 05:30,10552.0,10600.2,10491.5,10530.0,0
2018-11-07 05:30,10614.5,10616.5,10582.3,10598.4,0
2018-11-09 05:30,10614.7,10619.5,10544.8,10585.2,0
2018-11-12 05:30,10607.8,10645.5,10464.0,10482.2,0
2018-11-13 05:30,10451.9,10596.2,10440.5,10582.5,0
2018-11-14 05:30,10634.9,10651.6,10532.7,10576.3,0
2018-11-15 05:30,10580.6,10646.5,10557.5,10616.7,0
2018-11-16 05:30,10644.0,10695.2,10631.2,10682.2,0
2018-11-19 05:30,10731.2,10774.7,10688.8,10763.4,0
2018-11-20 05:30,10740.1,10740.8,10640.8,10656.2,0
2018-11-21 05:30,10671.0,10671.3,10562.3,10600.0,0
2018-11-22 05:30,10612.7,10646.2,10512.0,10526.8,0
2018-11-26 05:30,10568.3,10637.8,10489.8,10628.6,0
2018-11-27 05:30,10621.5,10695.2,10596.3,10685.6,0
2018-11-28 05:30,10708.8,10757.8,10699.8,10728.8,0
2018-11-29 05:30,10808.7,10883.0,10782.3,10858.7,0
2018-11-30 05:30,10892.1,10922.5,10835.1,10876.8,0
2018-12-03 05:30,10930.7,10941.2,10845.3,10883.8,0
2018-12-04 05:30,10877.1,10891.0,10833.3,10869.5,0
2018-12-05 05:30,10820.5,10821.0,10748.0,10782.9,0
2018-12-06 05:30,10718.2,10722.7,10588.2,10601.2,0
2018-12-07 05:30,10644.8,10704.5,10599.3,10693.7,0
2018-12-10 05:30,10508.7,10558.8,10475.0,10488.5,0
2018-12-11 05:30,10350.0,10567.2,10333.8,10549.2,0
2018-12-12 05:30,10591.0,10752.2,10560.8,10737.6,0
2018-12-13 05:30,10810.8,10838.6,10749.5,10791.5,0
2018-12-14 05:30,10784.5,10815.8,10752.1,10805.5,0
2018-12-17 05:30,10853.2,10900.3,10844.8,10888.3,0
2018-12-18 05:30,10850.9,10915.4,10819.1,10908.7,0
2018-12-19 05:30,10930.5,10985.2,10928.0,10967.3,0
2018-12-20 05:30,10885.2,10962.5,10880.0,10951.7,0
2018-12-21 05:30,10944.2,10963.7,10738.7,10754.0,0
2018-12-24 05:30,10780.9,10782.3,10649.2,10663.5,0
2018-12-26 05:30,10635.5,10747.5,10534.5,10729.8,0
2018-12-27 05:30,10817.9,10834.2,10764.5,10779.8,0
2018-12-28 05:30,10821.0,10893.6,10817.2,10859.9,0
2018-12-31 05:30,10913.2,10923.5,10853.2,10862.5,0
2019-01-01 05:30,10881.7,10923.6,10807.1,10910.1,0
2019-01-02 05:30,10868.8,10895.3,10735.0,10792.5,0
2019-01-03 05:30,10796.8,10814.0,10661.2,10672.2,0
2019-01-04 05:30,10699.7,10741.0,10628.7,10727.3,0
2019-01-07 05:30,10804.8,10836.0,10750.2,10771.8,0
2019-01-08 05:30,10786.2,10818.5,10733.2,10802.2,0
2019-01-09 05:30,10862.4,10870.4,10749.4,10855.2,0
2019-01-10 05:30,10859.3,10859.3,10801.8,10821.6,0
2019-01-11 05:30,10834.8,10850.2,10739.4,10795.0,0
2019-01-14 05:30,10807.0,10808.0,10692.3,10737.6,0
2019-01-15 05:30,10777.5,10897.0,10777.5,10886.8,0
2019-01-16 05:30,10899.7,10928.2,10876.9,10890.3,0
2019-01-17 05:30,10920.8,10930.7,10844.7,10905.2,0
2019-01-18 05:30,10914.8,10928.2,10852.2,10907.0,0
2019-01-21 05:30,10919.3,10987.5,10885.8,10961.8,0
2019-01-22 05:30,10949.8,10949.8,10864.2,10922.8,0
2019-01-23 05:30,10931.0,10944.8,10812.0,10831.5,0
2019-01-24 05:30,10844.0,10866.6,10798.7,10849.8,0
2019-01-25 05:30,10859.8,10931.7,10756.5,10780.5,0
2019-01-28 05:30,10792.5,10804.5,10631.0,10661.5,0
2019-01-29 05:30,10653.7,10690.3,10583.7,10652.2,0
2019-01-30 05:30,10702.2,10710.2,10612.8,10651.8,0
2019-01-31 05:30,10690.5,10838.0,10678.5,10831.0,0
2019-02-01 05:30,10851.3,10983.5,10813.5,10893.7,0
2019-02-04 05:30,10876.8,10927.9,10814.2,10912.2,0
2019-02-05 05:30,10908.7,10956.7,10886.7,10934.3,0
2019-02-06 05:30,10965.1,11072.6,10962.7,11062.5,0
2019-02-07 05:30,11070.5,11118.1,11043.6,11069.4,0
2019-02-08 05:30,11023.5,11041.2,10925.5,10943.6,0
2019-02-11 05:30,10930.9,10930.9,10857.1,10888.8,0
2019-02-12 05:30,10879.7,10910.9,10823.8,10831.4,0
2019-02-13 05:30,10870.5,10891.7,10772.1,10793.7,0
2019-02-14 05:30,10786.1,10792.7,10718.8,10746.0,0
2019-02-15 05:30,10780.2,10785.8,10620.4,10724.4,0
2019-02-18 05:30,10738.7,10759.9,10628.4,10641.0,0
2019-02-19 05:30,10636.7,10722.8,10585.7,10604.3,0
2019-02-20 05:30,10655.5,10752.7,10646.4,10735.5,0
2019-02-21 05:30,10744.1,10808.8,10721.5,10789.8,0
2019-02-22 05:30,10782.7,10801.5,10758.4,10791.7,0
2019-02-25 05:30,10813.2,10887.1,10788.0,10880.1,0
2019-02-26 05:30,10775.3,10888.8,10729.3,10835.3,0
2019-02-27 05:30,10881.2,10939.7,10751.2,10806.7,0
2019-02-28 05:30,10865.7,10865.7,10784.8,10792.5,0
2019-03-01 05:30,10842.7,10877.9,10823.1,10863.5,0
2019-03-05 05:30,10864.8,10994.9,10817.0,10987.5,0
2019-03-06 05:30,11024.8,11062.3,10998.8,11053.0,0
2019-03-07 05:30,11078.0,11089.0,11027.1,11058.2,0
2019-03-08 05:30,11038.8,11049.0,11009.0,11035.4,0
2019-03-11 05:30,11068.8,11180.9,11059.8,11168.0,0
2019-03-12 05:30,11231.3,11320.4,11227.0,11301.2,0
2019-03-13 05:30,11326.2,11352.3,11276.6,11341.7,0
2019-03-14 05:30,11382.5,11383.5,11313.8,11343.2,0
2019-03-15 05:30,11376.8,11487.0,11370.8,11426.8,0
2019-03-18 05:30,11473.8,11530.2,11412.5,11462.2,0
2019-03-19 05:30,11500.3,11543.8,11451.2,11532.4,0
2019-03-20 05:30,11553.3,11556.1,11503.1,11521.0,0
2019-03-22 05:30,11549.2,11572.8,11434.5,11456.9,0
2019-03-25 05:30,11395.7,11395.7,11311.6,11354.2,0
2019-03-26 05:30,11375.2,11496.8,11352.5,11483.2,0
2019-03-27 05:30,11531.5,11546.2,11413.0,11445.0,0
2019-03-28 05:30,11463.7,11588.5,11452.5,11570.0,0
2019-03-29 05:30,11625.5,11630.3,11570.2,11623.9,0
2019-04-01 05:30,11665.2,11738.1,11644.8,11669.2,0
2019-04-02 05:30,11711.5,11729.3,11655.8,11713.2,0
2019-04-03 05:30,11735.3,11761.0,11629.2,11644.0,0
2019-04-04 05:30,11660.2,11662.5,11559.2,11598.0,0
2019-04-05 05:30,11638.4,11689.7,11609.5,11666.0,0
2019-04-08 05:30,11704.3,11710.3,11549.1,11604.5,0
2019-04-09 05:30,11612.0,11683.9,11569.7,11672.0,0
2019-04-10 05:30,11646.8,11680.0,11571.8,11584.3,0
2019-04-11 05:30,11592.5,11606.7,11550.5,11596.7,0
2019-04-12 05:30,11612.8,11657.3,11578.8,11643.5,0
2019-04-15 05:30,11667.0,11704.6,11648.2,11690.3,0
2019-04-16 05:30,11736.2,11811.0,11731.5,11787.2,0
2019-04-18 05:30,11856.2,11856.2,11738.5,11752.8,0
2019-04-22 05:30,11727.0,11727.0,11584.0,11594.5,0
2019-04-23 05:30,11613.0,11646.0,11564.8,11576.0,0
2019-04-24 05:30,11601.5,11740.8,11578.8,11726.2,0
2019-04-25 05:30,11735.7,11796.8,11624.3,11641.8,0
2019-04-26 05:30,11683.8,11762.9,11661.8,11754.7,0
2019-04-30 05:30,11748.8,11756.2,11655.9,11748.2,0
2019-05-02 05:30,11725.5,11789.3,11699.5,11724.8,0
2019-05-03 05:30,11722.6,11770.9,11699.3,11712.2,0
2019-05-06 05:30,11605.8,11632.5,11571.3,11598.2,0
2019-05-07 05:30,11651.5,11657.0,11484.5,11497.9,0
2019-05-08 05:30,11478.7,11479.1,11347.0,11359.5,0
2019-05-09 05:30,11322.4,11357.6,11255.0,11301.8,0
2019-05-10 05:30,11314.2,11345.8,11251.0,11278.9,0
2019-05-13 05:30,11258.7,11300.2,11125.6,11148.2,0
2019-05-14 05:30,11151.7,11294.8,11108.3,11222.0,0
2019-05-15 05:30,11271.7,11286.8,11137.0,11157.0,0
2019-05-16 05:30,11180.3,11281.5,11143.3,11257.1,0
2019-05-17 05:30,11261.9,11426.2,11259.8,11407.2,0
2019-05-20 05:30,11651.9,11845.2,11591.7,11828.2,0
2019-05-21 05:30,11863.7,11883.5,11682.8,11709.1,0
2019-05-22 05:30,11728.0,11784.8,11682.4,11737.9,0
2019-05-23 05:30,11901.3,12041.2,11614.5,11657.0,0
2019-05-24 05:30,11748.0,11859.0,11658.1,11844.1,0
2019-05-27 05:30,11855.5,11957.2,11812.4,11924.8,0
2019-05-28 05:30,11958.3,11958.5,11864.9,11928.8,0
2019-05-29 05:30,11905.8,11931.9,11836.8,11861.1,0
2019-05-30 05:30,11865.3,11968.5,11859.4,11945.9,0
2019-05-31 05:30,11999.8,12039.2,11829.5,11922.8,0
2019-06-03 05:30,11953.8,12103.0,11920.1,12088.5,0
2019-06-04 05:30,12052.7,12095.2,12005.8,12021.7,0
2019-06-06 05:30,12039.8,12039.8,11830.2,11843.8,0
2019-06-07 05:30,11865.2,11897.5,11769.5,11870.7,0
2019-06-10 05:30,11934.9,11975.0,11871.8,11922.7,0
2019-06-11 05:30,11959.8,12000.3,11904.3,11965.6,0
2019-06-12 05:30,11962.5,11962.5,11866.3,11906.2,0
2019-06-13 05:30,11873.9,11931.3,11817.0,11914.0,0
2019-06-14 05:30,11910.1,11911.8,11797.7,11823.3,0
2019-06-17 05:30,11844.0,11844.0,11657.8,11672.2,0
2019-06-18 05:30,11677.0,11727.2,11641.2,11691.5,0
2019-06-19 05:30,11744.5,11802.5,11625.1,11691.5,0
2019-06-20 05:30,11653.7,11843.5,11635.0,11831.8,0
2019-06-21 05:30,11827.6,11828.0,11705.1,11724.1,0
2019-06-24 05:30,11725.8,11754.0,11670.2,11699.7,0
2019-06-25 05:30,11681.0,11814.4,11651.0,11796.5,0
2019-06-26 05:30,11768.2,11871.8,11757.5,11847.5,0
2019-06-27 05:30,11860.8,11911.2,11821.0,11841.5,0
2019-06-28 05:30,11861.2,11871.7,11775.5,11788.8,0
2019-07-01 05:30,11839.9,11884.7,11830.8,11865.6,0
2019-07-02 05:30,11890.3,11917.5,11814.7,11910.3,0
2019-07-03 05:30,11932.2,11945.2,11887.0,11916.8,0
2019-07-04 05:30,11928.8,11969.2,11923.7,11946.8,0
2019-07-05 05:30,11964.8,11981.8,11797.9,11811.2,0
2019-07-08 05:30,11770.4,11771.9,11523.3,11558.6,0
2019-07-09 05:30,11531.6,11582.5,11461.0,11555.9,0
2019-07-10 05:30,11536.2,11593.7,11475.7,11498.9,0
2019-07-11 05:30,11561.5,11599.0,11519.5,11582.9,0
2019-07-12 05:30,11601.2,11639.5,11538.6,11552.5,0
2019-07-15 05:30,11614.8,11618.4,11532.3,11588.3,0
2019-07-16 05:30,11596.7,11670.0,11574.0,11662.6,0
2019-07-17 05:30,11670.8,11706.7,11651.2,11687.5,0
2019-07-18 05:30,11675.6,11677.2,11582.4,11596.9,0
2019-07-19 05:30,11628.0,11640.3,11399.3,11419.2,0
2019-07-22 05:30,11392.8,11398.2,11301.2,11346.2,0
2019-07-23 05:30,11372.2,11398.2,11302.8,11331.0,0
2019-07-24 05:30,11322.5,11359.8,11229.8,11271.3,0
2019-07-25 05:30,11290.4,11361.4,11239.3,11252.2,0
2019-07-26 05:30,11247.5,11307.6,11210.0,11284.3,0
2019-07-29 05:30,11307.5,11311.0,11152.4,11189.2,0
2019-07-30 05:30,11213.7,11267.5,11072.7,11085.4,0
2019-07-31 05:30,11034.0,11145.3,10999.4,11118.0,0
2019-08-01 05:30,11060.2,11076.8,10881.0,10980.0,0
2019-08-02 05:30,10930.3,11080.2,10849.0,10997.3,0
2019-08-05 05:30,10895.8,10895.8,10782.6,10862.6,0
2019-08-06 05:30,10815.4,11018.5,10813.8,10948.2,0
2019-08-07 05:30,10958.1,10975.7,10835.9,10855.5,0
2019-08-08 05:30,10899.2,11058.0,10843.0,11032.5,0
2019-08-09 05:30,11087.9,11181.5,11062.8,11109.7,0
2019-08-13 05:30,11139.4,11145.9,10901.6,10925.8,0
2019-08-14 05:30,11003.2,11078.2,10935.6,11029.4,0
2019-08-16 05:30,11043.7,11068.7,10924.3,11047.8,0
2019-08-19 05:30,11094.8,11146.9,11037.8,11053.9,0
2019-08-20 05:30,11063.9,11076.3,10985.3,11017.0,0
2019-08-21 05:30,11018.2,11034.2,10906.7,10918.7,0
2019-08-22 05:30,10905.3,10908.2,10718.3,10741.3,0
2019-08-23 05:30,10699.6,10862.5,10637.2,10829.3,0
2019-08-26 05:30,11000.3,11070.3,10756.5,11057.8,0
2019-08-27 05:30,11106.5,11141.8,11049.5,11105.3,0
2019-08-28 05:30,11101.3,11129.7,10987.7,11046.1,0
2019-08-29 05:30,10996.0,11021.1,10922.4,10948.3,0
2019-08-30 05:30,10987.8,11042.6,10874.8,11023.2,0
2019-09-03 05:30,10961.0,10967.5,10772.7,10797.9,0
2019-09-04 05:30,10790.4,10858.8,10746.3,10844.7,0
2019-09-05 05:30,10861.0,10920.1,10816.0,10847.9,0
2019-09-06 05:30,10883.8,10957.0,10867.5,10946.2,0
2019-09-09 05:30,10936.7,11028.8,10889.8,11003.0,0
2019-09-11 05:30,11028.5,11054.8,11011.7,11035.7,0
2019-09-12 05:30,11058.3,11081.8,10965.0,10982.8,0
2019-09-13 05:30,10986.8,11084.5,10945.8,11075.9,0
2019-09-16 05:30,10994.8,11052.7,10968.2,11003.5,0
2019-09-17 05:30,11000.1,11000.1,10796.5,10817.6,0
2019-09-18 05:30,10872.8,10885.2,10804.8,10840.7,0
2019-09-19 05:30,10845.2,10845.2,10670.2,10704.8,0
2019-09-20 05:30,10746.8,11381.9,10691.0,11274.2,0
2019-09-23 05:30,11542.7,11694.8,11471.3,11600.2,0
2019-09-24 05:30,11590.7,11655.0,11539.2,11588.2,0
2019-09-25 05:30,11564.8,11565.0,11416.1,11440.2,0
2019-09-26 05:30,11469.8,11610.8,11466.3,11571.2,0
2019-09-27 05:30,11556.3,11593.6,11499.8,11512.4,0
2019-09-30 05:30,11491.2,11508.2,11390.8,11474.5,0
2019-10-01 05:30,11515.4,11554.2,11247.9,11359.9,0
2019-10-03 05:30,11322.2,11370.4,11257.3,11314.0,0
2019-10-04 05:30,11388.5,11400.3,11158.3,11174.8,0
2019-10-07 05:30,11196.2,11233.8,11112.7,11126.4,0
2019-10-09 05:30,11153.0,11321.6,11090.2,11313.3,0
2019-10-10 05:30,11280.5,11293.3,11208.5,11234.5,0
2019-10-11 05:30,11257.7,11362.9,11189.4,11305.0,0
2019-10-14 05:30,11335.9,11420.5,11290.0,11341.2,0
2019-10-15 05:30,11360.8,11462.3,11342.1,11428.3,0
2019-10-16 05:30,11465.0,11481.0,11411.1,11464.0,0
2019-10-17 05:30,11466.3,11599.1,11439.7,11586.3,0
2019-10-18 05:30,11580.3,11684.7,11553.2,11661.8,0
2019-10-22 05:30,11657.2,11714.3,11573.7,11588.3,0
2019-10-23 05:30,11596.2,11651.6,11554.4,11604.1,0
2019-10-24 05:30,11661.7,11679.6,11534.7,11582.6,0
2019-10-25 05:30,11646.2,11646.9,11490.8,11583.9,0
2019-10-27 05:30,11662.2,11672.4,11604.6,11627.2,0
2019-10-29 05:30,11644.0,11809.4,11627.3,11786.8,0
2019-10-30 05:30,11883.9,11884.0,11784.5,11844.1,0
2019-10-31 05:30,11890.5,11945.0,11855.1,11877.5,0
2019-11-01 05:30,11886.6,11918.3,11843.3,11890.6,0
2019-11-04 05:30,11928.9,11989.2,11905.3,11941.3,0
2019-11-05 05:30,11974.6,11979.0,11861.9,11917.2,0
2019-11-06 05:30,11911.5,12002.9,11850.2,11966.0,0
2019-11-07 05:30,12021.1,12021.4,11946.8,12012.0,0
2019-11-08 05:30,11987.2,12034.2,11888.8,11908.2,0
2019-11-11 05:30,11879.2,11932.7,11854.0,11913.5,0
2019-11-13 05:30,11908.3,11946.8,11823.2,11840.5,0
2019-11-14 05:30,11858.8,11895.7,11802.7,11872.1,0
2019-11-15 05:30,11904.2,11973.7,11879.2,11895.5,0
2019-11-18 05:30,11915.2,11946.2,11867.6,11884.5,0
2019-11-19 05:30,11919.5,11958.8,11881.8,11940.1,0
2019-11-20 05:30,12004.8,12038.6,11966.0,11999.1,0
2019-11-21 05:30,12025.7,12028.2,11956.9,11968.4,0
2019-11-22 05:30,11967.3,11968.1,11883.5,11914.4,0
2019-11-25 05:30,11922.5,12084.5,11919.8,12073.8,0
2019-11-26 05:30,12110.2,12132.5,12006.3,12037.7,0
2019-11-27 05:30,12068.5,12114.9,12055.2,12100.7,0
2019-11-28 05:30,12132.1,12158.8,12100.0,12151.2,0
2019-11-29 05:30,12146.2,12147.4,12017.4,12056.0,0
2019-12-02 05:30,12137.0,12137.2,12023.7,12048.2,0
2019-12-03 05:30,12067.7,12068.6,11956.4,11994.2,0
2019-12-04 05:30,11970.0,12054.7,11935.3,12043.2,0
2019-12-05 05:30,12071.2,12081.2,11998.8,12018.4,0
2019-12-06 05:30,12047.3,12057.0,11888.8,11921.5,0
2019-12-09 05:30,11939.1,11982.0,11888.0,11937.5,0
2019-12-10 05:30,11950.5,11953.2,11844.7,11856.8,0
2019-12-11 05:30,11867.3,11923.2,11832.3,11910.2,0
2019-12-12 05:30,11944.3,12005.5,11934.0,11971.8,0
2019-12-13 05:30,12026.4,12098.8,12023.6,12086.7,0
2019-12-16 05:30,12131.3,12134.7,12046.3,12054.0,0
2019-12-17 05:30,12082.5,12182.8,12070.3,12165.0,0
2019-12-18 05:30,12197.0,12237.7,12163.5,12221.7,0
2019-12-19 05:30,12223.4,12268.3,12191.2,12259.7,0
2019-12-20 05:30,12266.5,12293.9,12252.8,12271.8,0
2019-12-23 05:30,12235.5,12287.2,12213.2,12262.8,0
2019-12-24 05:30,12269.2,12283.7,12202.1,12214.5,0
2019-12-26 05:30,12211.8,12221.5,12118.8,12126.5,0
2019-12-27 05:30,12172.9,12258.5,12157.9,12245.8,0
2019-12-30 05:30,12274.9,12286.5,12213.8,12255.8,0
2019-12-31 05:30,12247.1,12247.1,12151.8,12168.5,0
2020-01-01 05:30,12202.2,12222.2,12165.3,12182.5,0
2020-01-02 05:30,12198.5,12289.9,12195.2,12282.2,0
2020-01-03 05:30,12261.1,12265.6,12191.3,12226.7,0
2020-01-06 05:30,12170.6,12179.1,11974.2,11993.0,0
2020-01-07 05:30,12079.1,12152.2,12005.3,12053.0,0
2020-01-08 05:30,11939.1,12045.0,11929.6,12025.3,0
2020-01-09 05:30,12153.2,12224.0,12132.5,12215.9,0
2020-01-10 05:30,12271.0,12311.2,12213.2,12256.8,0
2020-01-13 05:30,12296.7,12337.8,12285.8,12329.5,0
2020-01-14 05:30,12333.1,12374.2,12308.7,12362.3,0
2020-01-15 05:30,12349.4,12355.2,12278.8,12343.3,0
2020-01-16 05:30,12347.1,12389.0,12315.8,12355.5,0
2020-01-17 05:30,12328.4,12385.5,12321.4,12352.3,0
2020-01-20 05:30,12430.5,12430.5,12216.9,12224.5,0
2020-01-21 05:30,12195.3,12230.0,12162.3,12169.8,0
2020-01-22 05:30,12218.3,12225.0,12087.9,12106.9,0
2020-01-23 05:30,12123.8,12189.0,12094.1,12180.3,0
2020-01-24 05:30,12174.5,12272.2,12149.7,12248.2,0
2020-01-27 05:30,12197.1,12216.6,12107.0,12119.0,0
2020-01-28 05:30,12148.1,12163.5,12024.5,12055.8,0
2020-01-29 05:30,12114.9,12169.6,12103.8,12129.5,0
2020-01-30 05:30,12147.8,12150.3,12010.6,12035.8,0
2020-01-31 05:30,12100.4,12103.5,11945.8,11962.1,0
2020-02-01 05:30,11939.0,12017.3,11633.3,11661.8,0
2020-02-03 05:30,11627.5,11749.8,11614.5,11707.9,0
2020-02-04 05:30,11786.2,11986.2,11783.4,11979.7,0
2020-02-05 05:30,12005.8,12098.2,11953.3,12089.2,0
2020-02-06 05:30,12120.0,12160.6,12084.7,12138.0,0
2020-02-07 05:30,12151.2,12154.7,12074.0,12098.3,0
2020-02-10 05:30,12102.3,12103.5,11990.8,12031.5,0
2020-02-11 05:30,12108.4,12172.3,12099.0,12107.9,0
2020-02-12 05:30,12151.0,12231.8,12144.3,12201.2,0
2020-02-13 05:30,12219.5,12225.7,12139.8,12174.7,0
2020-02-14 05:30,12190.2,12246.7,12091.2,12113.5,0
2020-02-17 05:30,12131.8,12159.6,12037.0,12045.8,0
2020-02-18 05:30,12028.2,12030.8,11908.0,11992.5,0
2020-02-19 05:30,12090.6,12134.7,12042.1,12125.9,0
2020-02-20 05:30,12119.0,12152.0,12071.5,12080.8,0
2020-02-24 05:30,12012.5,12012.5,11813.4,11829.4,0
2020-02-25 05:30,11877.5,11883.0,11779.9,11797.9,0
2020-02-26 05:30,11738.5,11783.2,11639.6,11678.5,0
2020-02-27 05:30,11661.2,11663.8,11536.7,11633.3,0
2020-02-28 05:30,11382.0,11384.8,11175.0,11201.8,0
2020-03-02 05:30,11387.3,11433.0,11036.2,11132.8,0
2020-03-03 05:30,11217.5,11342.2,11152.5,11303.3,0
2020-03-04 05:30,11351.3,11356.6,11082.2,11251.0,0
2020-03-05 05:30,11306.0,11389.5,11244.6,11269.0,0
2020-03-06 05:30,10942.7,11035.1,10827.4,10989.5,0
2020-03-09 05:30,10742.0,10751.5,10294.5,10451.5,0
2020-03-11 05:30,10334.3,10545.1,10334.0,10458.4,0
2020-03-12 05:30,10040.0,10040.8,9508.0,9590.15,0
2020-03-13 05:30,9107.6,10159.4,8555.15,9955.2,0
2020-03-16 05:30,9587.8,9602.2,9165.1,9197.4,0
2020-03-17 05:30,9285.4,9403.8,8915.6,8967.05,0
2020-03-18 05:30,9088.45,9127.55,8407.05,8468.8,0
2020-03-19 05:30,8063.3,8575.45,7832.55,8263.45,0
2020-03-20 05:30,8284.45,8883.0,8178.2,8745.45,0
2020-03-23 05:30,7945.7,8159.25,7583.6,7610.25,0
2020-03-24 05:30,7848.3,8036.95,7511.1,7801.05,0
2020-03-25 05:30,7735.15,8376.75,7714.75,8317.85,0
2020-03-26 05:30,8451.0,8749.05,8304.9,8641.45,0
2020-03-27 05:30,8949.1,9038.9,8522.9,8660.25,0
2020-03-30 05:30,8385.95,8576.0,8244.0,8281.1,0
2020-03-31 05:30,8529.35,8678.3,8358.0,8597.75,0
2020-04-01 05:30,8584.1,8588.1,8198.35,8253.8,0
2020-04-03 05:30,8356.55,8356.55,8055.8,8083.8,0
2020-04-07 05:30,8446.3,8819.4,8360.95,8792.2,0
2020-04-08 05:30,8688.9,9131.7,8653.9,8748.75,0
2020-04-09 05:30,8973.05,9128.35,8904.55,9111.9,0
2020-04-13 05:30,9103.95,9112.05,8912.4,8993.85,0
2020-04-15 05:30,9196.4,9261.2,8874.1,8925.3,0
2020-04-16 05:30,8851.25,9053.75,8821.9,8992.8,0
2020-04-17 05:30,9323.45,9324.0,9091.35,9266.75,0
2020-04-20 05:30,9390.2,9390.85,9230.8,9261.85,0
2020-04-21 05:30,9016.95,9044.4,8909.4,8981.45,0
2020-04-22 05:30,9026.75,9209.75,8946.25,9187.3,0
2020-04-23 05:30,9232.35,9343.6,9170.15,9313.9,0
2020-04-24 05:30,9163.9,9296.9,9141.3,9154.4,0
2020-04-27 05:30,9259.7,9377.1,9250.35,9282.3,0
2020-04-28 05:30,9389.8,9404.4,9260.0,9380.9,0
2020-04-29 05:30,9408.6,9599.85,9392.35,9553.35,0
2020-04-30 05:30,9753.5,9889.05,9731.5,9859.9,0
2020-05-04 05:30,9533.5,9533.5,9266.95,9293.5,0
2020-05-05 05:30,9429.4,9450.9,9190.75,9205.6,0
2020-05-06 05:30,9226.8,9346.9,9116.5,9270.9,0
2020-05-07 05:30,9234.05,9277.85,9175.9,9199.05,0
2020-05-08 05:30,9376.95,9382.65,9238.2,9251.5,0
2020-05-11 05:30,9348.15,9439.9,9219.95,9239.2,0
2020-05-12 05:30,9168.85,9240.85,9043.95,9196.55,0
2020-05-13 05:30,9584.2,9584.5,9351.1,9383.55,0
2020-05-14 05:30,9213.95,9281.1,9119.75,9142.75,0
2020-05-15 05:30,9182.4,9182.4,9050.0,9136.85,0
2020-05-18 05:30,9158.3,9158.3,8806.75,8823.25,0
2020-05-19 05:30,8961.7,9030.35,8855.3,8879.1,0
2020-05-20 05:30,8889.15,9093.8,8875.35,9066.55,0
2020-05-21 05:30,9079.45,9178.55,9056.1,9106.25,0
2020-05-22 05:30,9067.9,9149.6,8968.55,9039.25,0
2020-05-26 05:30,9099.75,9161.65,8996.65,9029.05,0
2020-05-27 05:30,9082.2,9334.0,9004.25,9314.95,0
2020-05-28 05:30,9364.95,9511.25,9336.5,9490.1,0
2020-05-29 05:30,9422.2,9598.85,9376.9,9580.3,0
2020-06-01 05:30,9726.85,9931.6,9706.95,9826.15,0
2020-06-02 05:30,9880.85,9995.6,9824.05,9979.1,0
2020-06-03 05:30,10108.3,10176.2,10035.5,10061.5,0
2020-06-04 05:30,10054.2,10123.8,9944.25,10029.1,0
2020-06-05 05:30,10093.8,10177.8,10040.8,10142.2,0
2020-06-08 05:30,10326.8,10328.5,10120.2,10167.5,0
2020-06-09 05:30,10181.2,10291.2,10021.5,10046.7,0
2020-06-10 05:30,10072.6,10148.8,10036.8,10116.2,0
2020-06-11 05:30,10094.1,10112.0,9885.05,9902.0,0
2020-06-12 05:30,9544.95,9996.05,9544.35,9972.9,0
2020-06-15 05:30,9919.35,9943.35,9726.35,9813.7,0
2020-06-16 05:30,10014.8,10046.2,9728.5,9914.0,0
2020-06-17 05:30,9876.7,10003.6,9833.8,9881.15,0
2020-06-18 05:30,9863.25,10111.2,9845.05,10091.7,0
2020-06-19 05:30,10119.0,10272.4,10072.7,10244.4,0
2020-06-22 05:30,10318.8,10393.7,10277.6,10311.2,0
2020-06-23 05:30,10348.0,10484.7,10301.8,10471.0,0
2020-06-24 05:30,10529.2,10553.2,10282.0,10305.3,0
2020-06-25 05:30,10235.5,10361.8,10194.5,10288.9,0
2020-06-26 05:30,10378.9,10409.8,10311.2,10383.0,0
2020-06-29 05:30,10312.0,10338.0,10223.6,10312.4,0
2020-06-30 05:30,10382.6,10401.0,10267.3,10302.1,0
2020-07-01 05:30,10323.8,10447.0,10299.6,10430.0,0
2020-07-02 05:30,10493.0,10598.2,10485.5,10551.7,0
2020-07-03 05:30,10615.0,10631.3,10562.7,10607.3,0
2020-07-06 05:30,10723.8,10811.4,10695.1,10763.7,0
2020-07-07 05:30,10802.8,10813.8,10689.7,10799.7,0
2020-07-08 05:30,10818.7,10847.8,10676.5,10705.8,0
2020-07-09 05:30,10755.5,10836.8,10733.0,10813.5,0
2020-07-10 05:30,10764.1,10819.4,10713.0,10768.0,0
2020-07-13 05:30,10851.8,10894.0,10756.0,10802.7,0
2020-07-14 05:30,10750.8,10755.7,10562.9,10607.3,0
2020-07-15 05:30,10701.0,10827.5,10577.8,10618.2,0
2020-07-16 05:30,10706.2,10755.3,10595.2,10740.0,0
2020-07-17 05:30,10752.0,10933.5,10749.7,10901.7,0
2020-07-20 05:30,10999.5,11037.9,10953.0,11022.2,0
2020-07-21 05:30,11126.1,11179.5,11113.2,11162.2,0
2020-07-22 05:30,11231.2,11238.1,11056.5,11132.6,0
2020-07-23 05:30,11135.0,11239.8,11103.2,11215.5,0
2020-07-24 05:30,11150.0,11225.4,11090.3,11194.2,0
2020-07-27 05:30,11225.0,11225.0,11087.8,11131.8,0
2020-07-28 05:30,11154.1,11317.8,11151.4,11300.5,0
2020-07-29 05:30,11276.9,11341.4,11149.8,11202.8,0
2020-07-30 05:30,11254.3,11300.0,11085.0,11102.2,0
2020-07-31 05:30,11139.5,11150.4,11026.7,11073.5,0
2020-08-03 05:30,11057.5,11058.0,10882.2,10891.6,0
2020-08-04 05:30,10946.7,11112.2,10908.1,11095.2,0
2020-08-05 05:30,11155.8,11225.7,11064.0,11101.7,0
2020-08-06 05:30,11185.7,11256.8,11127.3,11200.2,0
2020-08-07 05:30,11186.7,11231.9,11142.0,11214.0,0
2020-08-10 05:30,11270.2,11337.3,11238.0,11270.2,0
2020-08-11 05:30,11322.2,11373.6,11299.2,11322.5,0
2020-08-12 05:30,11289.0,11322.0,11242.7,11308.4,0
2020-08-13 05:30,11334.8,11359.3,11270.0,11300.5,0
2020-08-14 05:30,11353.3,11366.2,11111.5,11178.4,0
2020-08-17 05:30,11248.9,11267.1,11144.5,11247.1,0
2020-08-18 05:30,11259.8,11401.7,11253.2,11385.3,0
2020-08-19 05:30,11452.2,11460.3,11394.1,11408.4,0
2020-08-20 05:30,11317.5,11361.5,11289.8,11312.2,0
2020-08-21 05:30,11409.7,11418.5,11362.2,11371.6,0
2020-08-24 05:30,11412.0,11497.2,11410.7,11466.5,0
2020-08-25 05:30,11513.1,11525.9,11423.3,11472.2,0
2020-08-26 05:30,11512.8,11561.8,11461.8,11549.6,0
2020-08-27 05:30,11609.3,11617.3,11540.6,11559.2,0
2020-08-28 05:30,11603.0,11686.0,11589.4,11647.6,0
2020-08-31 05:30,11777.5,11794.2,11325.8,11387.5,0
2020-09-01 05:30,11464.3,11553.5,11366.9,11470.2,0
2020-09-02 05:30,11478.5,11554.8,11430.4,11535.0,0
2020-09-03 05:30,11566.2,11585.0,11507.7,11527.5,0
2020-09-04 05:30,11354.4,11452.0,11303.7,11333.8,0
2020-09-07 05:30,11359.6,11381.2,11251.7,11355.0,0
2020-09-08 05:30,11378.5,11437.2,11290.5,11317.3,0
2020-09-09 05:30,11218.6,11298.2,11185.2,11278.0,0
2020-09-10 05:30,11363.3,11464.0,11327.4,11449.2,0
2020-09-11 05:30,11447.8,11493.5,11419.9,11464.5,0
2020-09-14 05:30,11540.2,11568.9,11383.5,11440.0,0
2020-09-15 05:30,11487.2,11536.0,11442.2,11521.8,0
2020-09-16 05:30,11538.5,11618.1,11516.8,11604.5,0
2020-09-17 05:30,11539.4,11587.2,11498.5,11516.1,0
2020-09-18 05:30,11584.1,11584.1,11446.1,11505.0,0
2020-09-21 05:30,11503.8,11535.2,11218.5,11250.5,0
2020-09-22 05:30,11301.8,11302.2,11084.7,11153.7,0
2020-09-23 05:30,11258.8,11259.5,11024.4,11131.8,0
2020-09-24 05:30,11011.0,11015.3,10790.2,10805.5,0
2020-09-25 05:30,10910.4,11072.6,10854.8,11050.2,0
2020-09-28 05:30,11140.8,11239.3,11099.8,11227.5,0
2020-09-29 05:30,11288.6,11305.4,11181.0,11222.4,0
2020-09-30 05:30,11244.5,11295.4,11184.5,11247.5,0
2020-10-01 05:30,11364.5,11428.6,11347.0,11417.0,0
2020-10-05 05:30,11487.8,11578.0,11452.3,11503.3,0
2020-10-06 05:30,11603.5,11680.3,11564.3,11662.4,0
2020-10-07 05:30,11679.2,11763.0,11629.3,11738.8,0
2020-10-08 05:30,11835.4,11905.7,11791.2,11834.6,0
2020-10-09 05:30,11852.0,11938.6,11805.2,11914.2,0
2020-10-12 05:30,11973.5,12022.0,11867.2,11931.0,0
2020-10-13 05:30,11934.7,11988.2,11888.9,11934.5,0
2020-10-14 05:30,11917.4,11997.2,11822.2,11971.0,0
2020-10-15 05:30,12023.5,12025.5,11661.3,11680.3,0
2020-10-16 05:30,11727.4,11789.8,11667.8,11762.5,0
2020-10-19 05:30,11879.2,11898.2,11820.4,11873.0,0
2020-10-20 05:30,11861.0,11949.2,11837.2,11896.8,0
2020-10-21 05:30,11958.5,12018.7,11775.8,11937.7,0
2020-10-22 05:30,11890.0,11939.5,11823.5,11896.5,0
2020-10-23 05:30,11957.9,11974.5,11908.8,11930.3,0
2020-10-26 05:30,11937.4,11942.8,11711.7,11767.8,0
2020-10-27 05:30,11807.1,11899.0,11723.0,11889.4,0
2020-10-28 05:30,11922.6,11929.4,11684.8,11729.6,0
2020-10-29 05:30,11633.3,11744.2,11606.5,11670.8,0
2020-10-30 05:30,11678.5,11749.0,11535.5,11642.4,0
2020-11-02 05:30,11697.3,11725.7,11557.4,11669.2,0
2020-11-03 05:30,11734.5,11836.2,11723.3,11813.5,0
2020-11-04 05:30,11783.3,11929.7,11756.4,11908.5,0
2020-11-05 05:30,12062.4,12131.1,12027.6,12120.3,0
2020-11-06 05:30,12156.7,12280.4,12131.8,12263.5,0
2020-11-09 05:30,12399.4,12474.0,12367.3,12461.0,0
2020-11-10 05:30,12556.4,12643.9,12475.2,12631.1,0
2020-11-11 05:30,12680.6,12769.8,12571.1,12749.2,0
2020-11-12 05:30,12702.2,12741.2,12624.8,12690.8,0
2020-11-13 05:30,12659.7,12736.0,12607.7,12720.0,0
2020-11-14 05:30,12823.3,12828.7,12749.5,12780.2,0
2020-11-17 05:30,12932.5,12934.0,12797.1,12874.2,0
2020-11-18 05:30,12860.1,12948.8,12819.3,12938.2,0
2020-11-19 05:30,12839.5,12963.0,12745.8,12771.7,0
2020-11-20 05:30,12813.4,12892.5,12730.2,12859.0,0
2020-11-23 05:30,12960.3,12968.8,12825.7,12926.5,0
2020-11-24 05:30,13002.6,13079.1,12978.0,13055.2,0
2020-11-25 05:30,13130.0,13145.8,12833.7,12858.4,0
2020-11-26 05:30,12906.5,13018.0,12790.4,12987.0,0
2020-11-27 05:30,13012.0,13035.3,12914.3,12969.0,0
2020-12-01 05:30,13062.2,13128.4,12962.8,13109.0,0
2020-12-02 05:30,13121.4,13128.5,12983.5,13113.8,0
2020-12-03 05:30,13215.3,13216.6,13107.9,13133.9,0
2020-12-04 05:30,13177.4,13280.0,13152.8,13258.5,0
2020-12-07 05:30,13264.8,13366.7,13242.0,13355.8,0
2020-12-08 05:30,13393.8,13435.5,13311.0,13393.0,0
2020-12-09 05:30,13458.1,13548.9,13449.6,13529.1,0
2020-12-10 05:30,13488.5,13503.5,13399.3,13478.3,0
2020-12-11 05:30,13512.3,13579.3,13402.8,13513.8,0
2020-12-14 05:30,13571.5,13597.5,13472.5,13558.2,0
2020-12-15 05:30,13547.2,13589.7,13447.0,13567.8,0
2020-12-16 05:30,13663.1,13692.3,13606.5,13682.7,0
2020-12-17 05:30,13713.5,13773.2,13673.5,13740.7,0
2020-12-18 05:30,13764.4,13772.8,13658.6,13760.5,0
2020-12-21 05:30,13741.9,13777.5,13131.5,13328.4,0
2020-12-22 05:30,13373.7,13492.0,13192.9,13466.3,0
2020-12-23 05:30,13473.5,13619.5,13432.2,13601.1,0
2020-12-24 05:30,13672.2,13771.8,13626.9,13749.2,0
2020-12-28 05:30,13815.2,13885.3,13811.5,13873.2,0
2020-12-29 05:30,13910.3,13967.6,13859.9,13932.6,0
2020-12-30 05:30,13980.9,13997.0,13865.0,13982.0,0
2020-12-31 05:30,13970.0,14024.8,13936.5,13981.8,0
2021-01-01 05:30,13996.1,14049.8,13991.3,14018.5,0
2021-01-04 05:30,14104.3,14148.0,13953.8,14132.9,0
2021-01-05 05:30,14075.2,14215.6,14048.2,14199.5,0
2021-01-06 05:30,14241.0,14244.2,14039.9,14146.2,0
2021-01-07 05:30,14253.8,14256.2,14123.1,14137.3,0
2021-01-08 05:30,14258.4,14367.3,14221.7,14347.2,0
2021-01-11 05:30,14474.0,14498.2,14383.1,14484.8,0
2021-01-12 05:30,14473.8,14590.7,14432.8,14563.5,0
2021-01-13 05:30,14639.8,14653.3,14435.7,14564.8,0
2021-01-14 05:30,14550.0,14617.8,14471.5,14595.6,0
2021-01-15 05:30,14594.3,14617.5,14357.8,14433.7,0
2021-01-18 05:30,14453.3,14459.2,14222.8,14281.3,0
2021-01-19 05:30,14371.7,14546.0,14350.8,14521.2,0
2021-01-20 05:30,14538.3,14666.5,14517.5,14644.7,0
2021-01-21 05:30,14731.0,14753.5,14517.2,14590.3,0
2021-01-22 05:30,14583.4,14619.9,14357.8,14371.9,0
2021-01-25 05:30,14477.8,14491.1,14218.6,14238.9,0
2021-01-27 05:30,14238.0,14238.0,13929.3,13967.5,0
2021-01-28 05:30,13810.4,13898.2,13713.2,13817.5,0
2021-01-29 05:30,13946.6,13966.8,13596.8,13634.6,0
2021-02-01 05:30,13758.6,14336.3,13661.8,14281.2,0
2021-02-02 05:30,14481.1,14731.7,14469.2,14647.8,0
2021-02-03 05:30,14754.9,14868.8,14574.2,14790.0,0
2021-02-04 05:30,14789.0,14913.7,14714.8,14895.7,0
2021-02-05 05:30,14952.6,15014.7,14864.8,14924.2,0
2021-02-08 05:30,15064.3,15159.9,15041.0,15115.8,0
2021-02-09 05:30,15164.2,15257.1,15064.3,15109.3,0
2021-02-10 05:30,15119.0,15168.2,14977.2,15106.5,0
2021-02-11 05:30,15073.2,15188.5,15065.4,15173.3,0
2021-02-12 05:30,15186.2,15243.5,15081.0,15163.3,0
2021-02-15 05:30,15270.3,15340.2,15243.4,15314.7,0
2021-02-16 05:30,15371.5,15431.8,15242.2,15313.5,0
2021-02-17 05:30,15279.9,15314.3,15170.8,15208.9,0
2021-02-18 05:30,15238.7,15250.8,15078.0,15119.0,0
2021-02-19 05:30,15074.8,15144.0,14898.2,14981.8,0
2021-02-22 05:30,14999.0,15010.1,14635.0,14675.7,0
2021-02-23 05:30,14782.2,14854.5,14651.8,14707.8,0
2021-02-24 05:30,14729.2,15008.8,14723.0,14982.0,0
2021-02-25 05:30,15079.8,15176.5,15065.3,15097.3,0
2021-02-26 05:30,14888.6,14919.5,14467.8,14529.2,0
2021-03-01 05:30,14702.5,14806.8,14638.5,14761.5,0
2021-03-02 05:30,14865.3,14959.1,14760.8,14919.1,0
2021-03-03 05:30,15064.4,15273.2,14995.8,15245.6,0
2021-03-04 05:30,15026.8,15202.3,14980.2,15080.8,0
2021-03-05 05:30,14978.0,15092.3,14862.1,14938.1,0
2021-03-08 05:30,15002.5,15111.2,14919.9,14956.2,0
2021-03-09 05:30,15049.9,15126.8,14925.5,15098.4,0
2021-03-10 05:30,15202.2,15218.5,15100.8,15174.8,0
2021-03-12 05:30,15321.2,15336.3,14953.6,15031.0,0
2021-03-15 05:30,15048.4,15048.4,14745.8,14929.5,0
2021-03-16 05:30,14996.1,15051.6,14890.7,14910.5,0
2021-03-17 05:30,14946.5,14956.5,14696.0,14721.3,0
2021-03-18 05:30,14855.5,14875.2,14478.6,14557.8,0
2021-03-19 05:30,14471.2,14788.2,14350.1,14744.0,0
2021-03-22 05:30,14736.3,14763.9,14597.8,14736.4,0
2021-03-23 05:30,14768.5,14878.6,14707.0,14814.8,0
2021-03-24 05:30,14712.5,14752.3,14535.0,14549.4,0
2021-03-25 05:30,14570.9,14575.6,14264.4,14324.9,0
2021-03-26 05:30,14506.3,14572.9,14414.2,14507.3,0
2021-03-30 05:30,14628.5,14876.3,14617.6,14845.1,0
2021-03-31 05:30,14811.8,14813.8,14670.2,14690.7,0
2021-04-01 05:30,14798.4,14883.2,14692.5,14867.3,0
2021-04-05 05:30,14837.7,14849.8,14459.5,14637.8,0
2021-04-06 05:30,14737.0,14779.1,14573.9,14683.5,0
2021-04-07 05:30,14716.5,14879.8,14649.8,14819.0,0
2021-04-08 05:30,14875.7,14984.2,14821.1,14873.8,0
2021-04-09 05:30,14882.7,14918.5,14785.7,14834.8,0
2021-04-12 05:30,14644.7,14652.5,14248.7,14310.8,0
2021-04-13 05:30,14364.9,14528.9,14274.9,14504.8,0
2021-04-15 05:30,14522.4,14597.5,14353.2,14581.5,0
2021-04-16 05:30,14599.6,14697.7,14559.0,14617.8,0
2021-04-19 05:30,14306.6,14382.3,14191.4,14359.5,0
2021-04-20 05:30,14526.7,14527.0,14207.3,14296.4,0
2021-04-22 05:30,14219.2,14424.8,14151.4,14406.2,0
2021-04-23 05:30,14326.3,14461.2,14273.3,14341.3,0
2021-04-26 05:30,14449.5,14557.5,14421.3,14485.0,0
2021-04-27 05:30,14493.8,14667.5,14484.8,14653.0,0
2021-04-28 05:30,14710.5,14890.2,14695.0,14864.5,0
2021-04-29 05:30,14979.0,15044.3,14814.5,14894.9,0
2021-04-30 05:30,14747.3,14855.5,14601.7,14631.1,0
2021-05-03 05:30,14481.0,14673.8,14416.2,14634.2,0
2021-05-04 05:30,14687.2,14723.4,14461.5,14496.5,0
2021-05-05 05:30,14604.2,14637.9,14506.6,14617.8,0
2021-05-06 05:30,14668.3,14743.9,14611.5,14724.8,0
2021-05-07 05:30,14816.8,14863.0,14765.5,14823.2,0
2021-05-10 05:30,14928.2,14966.9,14892.5,14942.3,0
2021-05-11 05:30,14789.7,14900.0,14771.4,14850.8,0
2021-05-12 05:30,14823.5,14824.0,14649.7,14696.5,0
2021-05-14 05:30,14749.4,14749.7,14591.9,14677.8,0
2021-05-17 05:30,14756.2,14938.0,14725.3,14923.2,0
2021-05-18 05:30,15067.2,15137.2,15043.7,15108.1,0
2021-05-19 05:30,15058.6,15133.4,15008.8,15030.2,0
2021-05-20 05:30,15042.6,15069.8,14884.9,14906.0,0
2021-05-21 05:30,14987.8,15190.0,14985.8,15175.3,0
2021-05-24 05:30,15211.3,15256.2,15145.5,15197.7,0
2021-05-25 05:30,15291.8,15293.8,15163.4,15208.5,0
2021-05-26 05:30,15257.0,15319.9,15195.0,15301.5,0
2021-05-27 05:30,15324.0,15384.5,15272.5,15337.8,0
2021-05-28 05:30,15421.2,15469.7,15394.8,15435.7,0
2021-05-31 05:30,15437.8,15606.3,15374.0,15582.8,0
2021-06-01 05:30,15629.7,15660.8,15528.3,15574.8,0
2021-06-02 05:30,15520.3,15597.5,15459.8,15576.2,0
2021-06-03 05:30,15655.5,15705.1,15611.0,15690.3,0
2021-06-04 05:30,15712.5,15733.6,15622.3,15670.2,0
2021-06-07 05:30,15725.1,15773.5,15678.1,15751.7,0
2021-06-08 05:30,15773.9,15778.8,15680.0,15740.1,0
2021-06-09 05:30,15766.3,15800.5,15566.9,15635.3,0
2021-06-10 05:30,15692.1,15751.2,15648.5,15737.8,0
2021-06-11 05:30,15796.5,15835.5,15749.8,15799.3,0
2021-06-14 05:30,15791.4,15823.0,15606.5,15811.8,0
2021-06-15 05:30,15867.0,15901.6,15842.4,15869.2,0
2021-06-16 05:30,15847.5,15880.8,15742.6,15767.5,0
2021-06-17 05:30,15648.3,15769.3,15616.8,15691.4,0
2021-06-18 05:30,15756.5,15761.5,15450.9,15683.3,0
2021-06-21 05:30,15525.8,15765.2,15505.7,15746.5,0
2021-06-22 05:30,15840.5,15895.8,15752.1,15772.8,0
2021-06-23 05:30,15862.8,15863.0,15674.0,15687.0,0
2021-06-24 05:30,15737.3,15821.4,15702.7,15790.5,0
2021-06-25 05:30,15839.3,15870.8,15772.3,15860.3,0
2021-06-28 05:30,15915.3,15915.7,15792.2,15814.7,0
2021-06-29 05:30,15807.5,15835.9,15724.0,15748.5,0
2021-06-30 05:30,15776.9,15839.1,15708.8,15721.5,0
2021-07-01 05:30,15755.0,15755.5,15667.0,15680.0,0
2021-07-02 05:30,15705.8,15738.3,15636.0,15722.2,0
2021-07-05 05:30,15793.4,15846.0,15762.0,15834.3,0
2021-07-06 05:30,15813.8,15914.2,15801.0,15818.2,0
2021-07-07 05:30,15819.6,15893.5,15779.7,15879.7,0
2021-07-08 05:30,15855.4,15885.8,15682.9,15727.9,0
2021-07-09 05:30,15688.2,15730.8,15632.8,15689.8,0
2021-07-12 05:30,15766.8,15789.2,15644.8,15692.6,0
2021-07-13 05:30,15794.0,15820.8,15744.6,15812.3,0
2021-07-14 05:30,15808.7,15877.3,15764.2,15854.0,0
2021-07-15 05:30,15872.2,15952.3,15855.0,15924.2,0
2021-07-16 05:30,15958.3,15962.2,15882.6,15923.4,0
2021-07-19 05:30,15754.5,15836.9,15707.5,15752.4,0
2021-07-20 05:30,15704.0,15728.5,15578.5,15632.1,0
2021-07-22 05:30,15736.6,15834.8,15726.4,15824.0,0
2021-07-23 05:30,15856.8,15899.8,15768.4,15856.0,0
2021-07-26 05:30,15849.3,15893.3,15797.0,15824.5,0
2021-07-27 05:30,15860.5,15881.5,15701.0,15746.5,0
2021-07-28 05:30,15761.5,15767.5,15513.5,15709.4,0
2021-07-29 05:30,15762.7,15817.3,15737.8,15778.5,0
2021-07-30 05:30,15800.6,15862.8,15744.8,15763.0,0
2021-08-02 05:30,15874.9,15892.9,15834.7,15885.2,0
2021-08-03 05:30,15951.5,16146.9,15914.3,16130.8,0
2021-08-04 05:30,16195.2,16290.2,16176.2,16258.8,0
2021-08-05 05:30,16289.0,16349.5,16210.3,16294.6,0
2021-08-06 05:30,16304.4,16336.8,16223.3,16238.2,0
2021-08-09 05:30,16281.3,16320.8,16179.0,16258.2,0
2021-08-10 05:30,16274.8,16359.2,16202.2,16280.1,0
2021-08-11 05:30,16327.3,16338.8,16162.5,16282.2,0
2021-08-12 05:30,16303.7,16375.5,16286.9,16364.4,0
2021-08-13 05:30,16385.7,16543.6,16376.3,16529.1,0
2021-08-16 05:30,16518.4,16589.4,16480.8,16563.1,0
2021-08-17 05:30,16545.2,16628.6,16495.4,16614.6,0
2021-08-18 05:30,16691.9,16701.8,16535.8,16568.8,0
2021-08-20 05:30,16382.5,16509.6,16376.0,16450.5,0
2021-08-23 05:30,16592.2,16592.5,16395.7,16496.4,0
2021-08-24 05:30,16561.4,16647.1,16495.3,16624.6,0
2021-08-25 05:30,16654.0,16712.4,16617.5,16634.7,0
2021-08-26 05:30,16627.9,16683.7,16603.4,16636.9,0
2021-08-27 05:30,16642.6,16722.1,16565.6,16705.2,0
2021-08-30 05:30,16775.8,16951.5,16764.8,16931.1,0
2021-08-31 05:30,16947.5,17153.5,16915.8,17132.2,0
2021-09-01 05:30,17185.6,17225.8,17055.1,17076.2,0
2021-09-02 05:30,17095.4,17245.5,17059.7,17234.2,0
2021-09-03 05:30,17262.4,17340.1,17212.2,17323.6,0
2021-09-06 05:30,17399.3,17429.6,17345.6,17377.8,0
2021-09-07 05:30,17401.6,17436.5,17287.0,17362.1,0
2021-09-08 05:30,17375.8,17383.4,17254.2,17353.5,0
2021-09-09 05:30,17312.8,17379.7,17302.7,17369.2,0
2021-09-13 05:30,17363.6,17378.3,17269.2,17355.3,0
2021-09-14 05:30,17420.3,17438.6,17367.1,17380.0,0
2021-09-15 05:30,17387.7,17532.7,17386.9,17519.4,0
2021-09-16 05:30,17539.2,17644.6,17510.4,17629.5,0
2021-09-17 05:30,17709.7,17792.9,17537.7,17585.2,0
2021-09-20 05:30,17443.8,17622.8,17361.8,17396.9,0
2021-09-21 05:30,17450.5,17578.3,17326.1,17562.0,0
2021-09-22 05:30,17580.9,17610.4,17524.0,17546.7,0
2021-09-23 05:30,17670.8,17843.9,17646.6,17822.9,0
2021-09-24 05:30,17897.4,17947.7,17819.4,17853.2,0
2021-09-27 05:30,17932.2,17943.5,17802.9,17855.1,0
2021-09-28 05:30,17906.4,17912.8,17576.1,17748.6,0
2021-09-29 05:30,17657.9,17781.8,17608.2,17711.3,0
2021-09-30 05:30,17718.9,17742.2,17585.3,17618.2,0
2021-10-01 05:30,17531.9,17557.2,17452.9,17532.1,0
2021-10-04 05:30,17615.6,17750.9,17581.3,17691.2,0
2021-10-05 05:30,17661.3,17833.4,17640.9,17822.3,0
2021-10-06 05:30,17861.5,17884.6,17613.2,17646.0,0
2021-10-07 05:30,17810.6,17857.6,17763.8,17790.3,0
2021-10-08 05:30,17886.8,17941.8,17840.3,17895.2,0
2021-10-11 05:30,17867.6,18041.9,17839.1,17945.9,0
2021-10-12 05:30,17915.8,18008.7,17864.9,17991.9,0
2021-10-13 05:30,18097.8,18197.8,18050.8,18161.8,0
2021-10-14 05:30,18272.8,18350.8,18248.7,18338.6,0
2021-10-18 05:30,18500.1,18543.2,18445.3,18477.1,0
2021-10-19 05:30,18602.3,18604.4,18377.7,18418.8,0
2021-10-20 05:30,18439.9,18458.3,18209.3,18266.6,0
2021-10-21 05:30,18382.7,18384.2,18048.0,18178.1,0
2021-10-22 05:30,18230.7,18314.2,18034.3,18114.9,0
2021-10-25 05:30,18229.5,18241.4,17968.5,18125.4,0
2021-10-26 05:30,18154.5,18310.4,18099.3,18268.4,0
2021-10-27 05:30,18295.8,18342.1,18167.9,18210.9,0
2021-10-28 05:30,18187.7,18190.7,17799.4,17857.2,0
2021-10-29 05:30,17833.1,17915.8,17613.1,17671.7,0
2021-11-01 05:30,17783.2,17954.1,17697.1,17929.7,0
2021-11-02 05:30,17970.9,18012.2,17847.6,17888.9,0
2021-11-03 05:30,17947.9,17988.8,17757.9,17829.2,0
2021-11-04 05:30,17935.1,17947.6,17900.6,17916.8,0
2021-11-08 05:30,18040.2,18087.8,17836.1,18068.6,0
2021-11-09 05:30,18084.3,18112.6,17983.1,18044.2,0
2021-11-10 05:30,17973.4,18061.2,17915.0,18017.2,0
2021-11-11 05:30,17967.4,17971.3,17798.2,17873.6,0
2021-11-12 05:30,17977.6,18123.0,17905.9,18102.8,0
2021-11-15 05:30,18140.9,18210.2,18071.3,18109.4,0
2021-11-16 05:30,18127.1,18132.7,17958.8,17999.2,0
2021-11-17 05:30,17939.3,18022.7,17879.2,17898.7,0
2021-11-18 05:30,17890.6,17945.6,17688.5,17764.8,0
2021-11-22 05:30,17796.2,17805.2,17280.4,17416.6,0
2021-11-23 05:30,17281.8,17553.7,17216.1,17503.3,0
2021-11-24 05:30,17550.1,17600.6,17354.0,17415.1,0
2021-11-25 05:30,17417.3,17564.3,17351.7,17536.2,0
2021-11-26 05:30,17338.8,17355.4,16985.7,17026.4,0
2021-11-29 05:30,17055.8,17160.7,16782.4,17053.9,0
2021-11-30 05:30,17051.2,17324.7,16931.4,16983.2,0
2021-12-01 05:30,17104.4,17213.1,17064.2,17166.9,0
2021-12-02 05:30,17183.2,17420.3,17149.3,17401.7,0
2021-12-03 05:30,17424.9,17489.8,17180.8,17196.7,0
2021-12-06 05:30,17209.1,17216.8,16891.7,16912.2,0
2021-12-07 05:30,17044.1,17251.7,16987.8,17176.7,0
2021-12-08 05:30,17315.2,17484.6,17308.9,17469.8,0
2021-12-09 05:30,17524.4,17543.2,17379.6,17516.8,0
2021-12-10 05:30,17476.1,17534.3,17405.2,17511.3,0
2021-12-13 05:30,17619.1,17639.5,17355.9,17368.2,0
2021-12-14 05:30,17283.2,17376.2,17225.8,17324.9,0
2021-12-15 05:30,17323.7,17351.2,17192.2,17221.4,0
2021-12-16 05:30,17373.0,17379.3,17184.9,17248.4,0
2021-12-17 05:30,17276.0,17298.2,16966.4,16985.2,0
2021-12-20 05:30,16824.2,16840.1,16410.2,16614.2,0
2021-12-21 05:30,16773.2,16936.4,16688.2,16770.8,0
2021-12-22 05:30,16865.6,16971.0,16819.5,16955.4,0
2021-12-23 05:30,17066.8,17118.7,17015.6,17072.6,0
2021-12-24 05:30,17149.5,17155.6,16909.6,17003.8,0
2021-12-27 05:30,16937.8,17112.1,16833.2,17086.2,0
2021-12-28 05:30,17177.6,17250.2,17161.2,17233.2,0
2021-12-29 05:30,17220.1,17285.9,17176.7,17213.6,0
2021-12-30 05:30,17201.4,17264.1,17146.3,17203.9,0
2021-12-31 05:30,17244.5,17400.8,17238.5,17354.1,0
2022-01-03 05:30,17387.2,17646.7,17383.3,17625.7,0
2022-01-04 05:30,17681.4,17827.6,17593.6,17805.2,0
2022-01-05 05:30,17820.1,17944.7,17748.8,17925.2,0
2022-01-06 05:30,17768.5,17797.9,17655.6,17745.9,0
2022-01-07 05:30,17797.6,17905.0,17704.6,17812.7,0
2022-01-10 05:30,17913.3,18017.4,17879.2,18003.3,0
2022-01-11 05:30,17997.8,18081.2,17964.4,18055.8,0
2022-01-12 05:30,18170.4,18227.9,18128.8,18212.3,0
2022-01-13 05:30,18257.0,18272.2,18163.8,18257.8,0
2022-01-14 05:30,18185.0,18286.9,18119.7,18255.8,0
2022-01-17 05:30,18235.7,18321.6,18228.8,18308.1,0
2022-01-18 05:30,18337.2,18350.9,18085.9,18113.1,0
2022-01-19 05:30,18129.2,18129.2,17884.9,17938.4,0
2022-01-20 05:30,17921.0,17943.7,17648.4,17757.0,0
2022-01-21 05:30,17613.7,17707.6,17485.8,17617.2,0
2022-01-24 05:30,17575.2,17599.4,16997.8,17149.1,0
2022-01-25 05:30,17001.6,17309.2,16836.8,17277.9,0
2022-01-27 05:30,17062.0,17182.5,16866.8,17110.2,0
2022-01-28 05:30,17208.3,17373.5,17077.1,17101.9,0
2022-01-31 05:30,17301.1,17410.0,17264.2,17339.8,0
2022-02-01 05:30,17529.4,17622.4,17244.6,17576.8,0
2022-02-02 05:30,17706.2,17794.6,17674.8,17780.0,0
2022-02-03 05:30,17767.8,17781.2,17511.2,17560.2,0
2022-02-04 05:30,17590.2,17617.8,17462.6,17516.3,0
2022-02-07 05:30,17456.3,17536.8,17119.4,17213.6,0
2022-02-08 05:30,17279.8,17306.4,17043.7,17266.8,0
2022-02-09 05:30,17370.1,17477.2,17339.0,17463.8,0
2022-02-10 05:30,17554.1,17639.4,17427.2,17605.8,0
2022-02-11 05:30,17451.0,17454.8,17303.0,17374.8,0
2022-02-14 05:30,17076.2,17099.5,16809.7,16842.8,0
2022-02-15 05:30,16933.2,17375.0,16839.2,17352.4,0
2022-02-16 05:30,17408.4,17490.6,17257.7,17322.2,0
2022-02-17 05:30,17396.6,17442.9,17235.8,17304.6,0
2022-02-18 05:30,17236.1,17380.8,17219.2,17276.3,0
2022-02-21 05:30,17192.2,17351.1,17070.7,17206.7,0
2022-02-22 05:30,16847.9,17148.6,16843.8,17092.2,0
2022-02-23 05:30,17194.5,17220.7,17027.8,17063.2,0
2022-02-24 05:30,16548.9,16705.2,16203.2,16248.0,0
2022-02-25 05:30,16515.7,16748.8,16478.3,16658.4,0
2022-02-28 05:30,16481.6,16815.9,16356.3,16793.9,0
2022-03-02 05:30,16593.1,16678.5,16478.7,16605.9,0
2022-03-03 05:30,16723.2,16768.9,16442.9,16498.1,0
2022-03-04 05:30,16339.5,16456.0,16133.8,16245.3,0
2022-03-07 05:30,15868.0,15944.6,15711.5,15863.2,0
2022-03-08 05:30,15747.8,16028.8,15671.5,16013.5,0
2022-03-09 05:30,16078.0,16418.1,15990.0,16345.3,0
2022-03-10 05:30,16757.1,16757.3,16447.9,16594.9,0
2022-03-11 05:30,16528.8,16694.4,16470.9,16630.4,0
2022-03-14 05:30,16633.7,16887.9,16606.5,16871.3,0
2022-03-15 05:30,16900.7,16927.8,16555.0,16663.0,0
2022-03-16 05:30,16876.7,16987.9,16837.8,16975.3,0
2022-03-17 05:30,17202.9,17344.6,17175.8,17287.1,0
2022-03-21 05:30,17329.5,17353.3,17096.4,17117.6,0
2022-03-22 05:30,17120.4,17334.4,17006.3,17315.5,0
2022-03-23 05:30,17405.1,17442.4,17199.6,17245.7,0
2022-03-24 05:30,17094.9,17291.8,17091.2,17222.8,0
2022-03-25 05:30,17289.0,17294.9,17076.6,17153.0,0
2022-03-28 05:30,17181.8,17235.1,17003.9,17222.0,0
2022-03-29 05:30,17297.2,17343.7,17235.7,17325.3,0
2022-03-30 05:30,17468.2,17522.5,17387.2,17498.2,0
2022-03-31 05:30,17519.2,17559.8,17435.2,17464.8,0
2022-04-01 05:30,17436.9,17703.7,17422.7,17670.4,0
2022-04-04 05:30,17809.1,18114.7,17791.4,18053.4,0
2022-04-05 05:30,18080.6,18095.4,17921.6,17957.4,0
2022-04-06 05:30,17842.8,17901.0,17779.8,17807.7,0
2022-04-07 05:30,17723.3,17787.5,17623.7,17639.6,0
2022-04-08 05:30,17698.2,17842.8,17600.6,17784.3,0
2022-04-11 05:30,17740.9,17779.1,17650.9,17674.9,0
2022-04-12 05:30,17584.8,17595.3,17442.3,17530.3,0
2022-04-13 05:30,17599.9,17663.7,17457.4,17475.7,0
2022-04-18 05:30,17183.4,17237.8,17067.8,17173.7,0
2022-04-19 05:30,17258.9,17275.7,16824.7,16958.7,0
2022-04-20 05:30,17045.2,17186.9,16978.9,17136.6,0
2022-04-21 05:30,17234.6,17414.7,17215.5,17392.6,0
2022-04-22 05:30,17242.8,17315.3,17149.2,17171.9,0
2022-04-25 05:30,17009.1,17054.3,16888.7,16953.9,0
2022-04-26 05:30,17121.3,17223.8,17064.4,17200.8,0
2022-04-27 05:30,17073.3,17110.7,16958.4,17038.4,0
2022-04-28 05:30,17189.5,17322.5,17071.1,17245.1,0
2022-04-29 05:30,17329.2,17377.7,17053.2,17102.6,0
2022-05-02 05:30,16924.4,17092.2,16917.2,17069.1,0
2022-05-04 05:30,17096.6,17132.8,16623.9,16677.6,0
2022-05-05 05:30,16854.8,16945.7,16651.8,16682.7,0
2022-05-06 05:30,16415.6,16484.2,16340.9,16411.2,0
2022-05-09 05:30,16227.7,16403.7,16142.1,16301.8,0
2022-05-10 05:30,16248.9,16404.6,16197.3,16240.0,0
2022-05-11 05:30,16270.0,16318.8,15992.6,16167.1,0
2022-05-12 05:30,16021.1,16042.0,15735.8,15808.0,0
2022-05-13 05:30,15977.0,16083.6,15740.8,15782.2,0
2022-05-16 05:30,15845.1,15978.0,15739.7,15842.3,0
2022-05-17 05:30,15912.6,16284.2,15900.8,16259.3,0
2022-05-18 05:30,16318.2,16399.8,16211.2,16240.3,0
2022-05-19 05:30,15917.4,15984.8,15775.2,15809.4,0
2022-05-20 05:30,16043.8,16283.0,16003.8,16266.2,0
2022-05-23 05:30,16291.0,16414.7,16185.8,16214.7,0
2022-05-24 05:30,16225.5,16262.8,16078.6,16125.2,0
2022-05-25 05:30,16196.3,16223.3,16007.0,16025.8,0
2022-05-26 05:30,16105.0,16204.5,15903.7,16170.2,0
2022-05-27 05:30,16296.6,16370.6,16222.0,16352.5,0
2022-05-30 05:30,16527.9,16695.5,16506.2,16661.4,0
2022-05-31 05:30,16578.4,16690.8,16521.9,16584.6,0
2022-06-01 05:30,16594.4,16649.2,16438.8,16522.8,0
2022-06-02 05:30,16481.7,16646.4,16443.1,16628.0,0
2022-06-03 05:30,16761.7,16793.8,16567.9,16584.3,0
2022-06-06 05:30,16530.7,16610.9,16444.6,16569.6,0
2022-06-07 05:30,16469.6,16487.2,16347.1,16416.3,0
2022-06-08 05:30,16474.9,16514.3,16293.3,16356.2,0
2022-06-09 05:30,16263.8,16492.8,16243.8,16478.1,0
2022-06-10 05:30,16284.0,16324.7,16172.6,16201.8,0
2022-06-13 05:30,15877.5,15886.2,15684.0,15774.4,0
2022-06-14 05:30,15674.2,15858.0,15659.5,15732.1,0
2022-06-15 05:30,15729.2,15783.7,15678.9,15692.2,0
2022-06-16 05:30,15832.2,15863.2,15335.1,15360.6,0
2022-06-17 05:30,15272.7,15400.4,15183.4,15293.5,0
2022-06-20 05:30,15334.5,15382.5,15191.1,15350.2,0
2022-06-21 05:30,15456.0,15707.2,15419.8,15638.8,0
2022-06-22 05:30,15545.7,15565.4,15386.0,15413.3,0
2022-06-23 05:30,15451.5,15628.5,15367.5,15556.7,0
2022-06-24 05:30,15657.4,15749.2,15619.5,15699.2,0
2022-06-27 05:30,15926.2,15927.5,15815.5,15832.0,0
2022-06-28 05:30,15757.5,15892.1,15710.2,15850.2,0
2022-06-29 05:30,15701.7,15861.6,15687.8,15799.1,0
2022-06-30 05:30,15774.5,15890.0,15728.8,15780.2,0
2022-07-01 05:30,15703.7,15794.0,15511.0,15752.0,0
2022-07-04 05:30,15710.5,15852.3,15661.8,15835.3,0
2022-07-05 05:30,15909.2,16025.8,15785.5,15810.8,0
2022-07-06 05:30,15818.2,16011.3,15800.9,15989.8,0
2022-07-07 05:30,16113.8,16150.5,16046.0,16132.9,0
2022-07-08 05:30,16273.7,16275.5,16157.9,16220.6,0
2022-07-11 05:30,16136.2,16248.5,16115.5,16216.0,0
2022-07-12 05:30,16126.2,16158.8,16031.2,16058.3,0
2022-07-13 05:30,16128.2,16140.0,15950.2,15966.7,0
2022-07-14 05:30,16018.8,16070.8,15858.2,15938.7,0
2022-07-15 05:30,16010.8,16067.0,15927.3,16049.2,0
2022-07-18 05:30,16151.4,16288.0,16142.2,16278.5,0
2022-07-19 05:30,16187.0,16359.5,16187.0,16340.5,0
2022-07-20 05:30,16562.8,16588.0,16490.9,16520.8,0
2022-07-21 05:30,16523.6,16626.9,16483.9,16605.2,0
2022-07-22 05:30,16661.2,16752.2,16610.9,16719.4,0
2022-07-25 05:30,16662.6,16706.1,16564.2,16631.0,0
2022-07-26 05:30,16632.9,16636.1,16463.3,16483.8,0
2022-07-27 05:30,16475.3,16653.4,16438.8,16641.8,0
2022-07-28 05:30,16774.8,16947.7,16746.2,16929.6,0
2022-07-29 05:30,17079.5,17172.8,17018.2,17158.2,0
2022-08-01 05:30,17243.2,17356.2,17154.8,17340.1,0
2022-08-02 05:30,17310.2,17390.2,17215.8,17345.4,0
2022-08-03 05:30,17349.2,17407.5,17225.8,17388.2,0
2022-08-04 05:30,17463.1,17490.7,17161.2,17382.0,0
2022-08-05 05:30,17423.7,17474.4,17348.8,17397.5,0
2022-08-08 05:30,17401.5,17548.8,17359.8,17525.1,0
2022-08-10 05:30,17566.1,17566.1,17442.8,17534.8,0
2022-08-11 05:30,17711.7,17719.3,17631.9,17659.0,0
2022-08-12 05:30,17659.7,17724.7,17597.8,17698.2,0
2022-08-16 05:30,17797.2,17839.1,17764.1,17825.2,0
2022-08-17 05:30,17868.2,17965.9,17833.3,17944.2,0
2022-08-18 05:30,17898.7,17968.4,17852.1,17956.5,0
2022-08-19 05:30,17966.6,17992.2,17710.8,17758.4,0
2022-08-22 05:30,17682.9,17690.1,17467.3,17490.7,0
2022-08-23 05:30,17357.3,17625.6,17345.2,17577.5,0
2022-08-24 05:30,17525.4,17623.7,17499.2,17604.9,0
2022-08-25 05:30,17679.0,17726.5,17487.4,17522.4,0
2022-08-26 05:30,17619.3,17685.8,17519.3,17558.9,0
2022-08-29 05:30,17188.7,17380.2,17166.2,17312.9,0
2022-08-30 05:30,17414.9,17777.7,17401.5,17759.3,0
2022-09-01 05:30,17485.7,17695.6,17468.4,17542.8,0
2022-09-02 05:30,17598.4,17643.8,17476.4,17539.4,0
2022-09-05 05:30,17546.4,17683.2,17540.3,17665.8,0
2022-09-06 05:30,17695.7,17764.7,17587.7,17655.6,0
2022-09-07 05:30,17519.4,17650.8,17484.3,17624.4,0
2022-09-08 05:30,17748.2,17807.7,17691.9,17798.8,0
2022-09-09 05:30,17923.3,17925.9,17786.0,17833.3,0
2022-09-12 05:30,17890.8,17980.6,17889.2,17936.3,0
2022-09-13 05:30,18044.4,18088.3,18015.4,18070.1,0
2022-09-14 05:30,17771.2,18091.6,17771.2,18003.8,0
2022-09-15 05:30,18046.3,18096.2,17861.5,17877.4,0
2022-09-16 05:30,17796.8,17820.1,17497.2,17530.8,0
2022-09-19 05:30,17540.7,17667.2,17429.7,17622.2,0
2022-09-20 05:30,17770.4,17919.3,17744.4,17816.2,0
2022-09-21 05:30,17766.3,17838.7,17663.6,17718.3,0
2022-09-22 05:30,17609.7,17722.8,17532.4,17629.8,0
2022-09-23 05:30,17593.8,17642.2,17291.7,17327.3,0
2022-09-26 05:30,17156.3,17196.4,16978.3,17016.3,0
2022-09-27 05:30,17110.9,17176.4,16942.3,17007.4,0
2022-09-28 05:30,16870.6,17037.6,16820.4,16858.6,0
2022-09-29 05:30,16993.6,17026.1,16788.6,16818.1,0
2022-09-30 05:30,16798.1,17187.1,16747.7,17094.3,0
2022-10-03 05:30,17102.1,17114.7,16855.6,16887.3,0
2022-10-04 05:30,17147.4,17287.3,17117.3,17274.3,0
2022-10-06 05:30,17379.2,17428.8,17315.7,17331.8,0
2022-10-07 05:30,17287.2,17337.3,17216.9,17314.7,0
2022-10-10 05:30,17094.3,17280.2,17064.7,17241.0,0
2022-10-11 05:30,17256.1,17261.8,16950.3,16983.6,0
2022-10-12 05:30,17025.6,17142.3,16960.1,17123.6,0
2022-10-13 05:30,17087.3,17112.3,16956.9,17014.3,0
2022-10-14 05:30,17322.3,17348.6,17169.8,17185.7,0
2022-10-17 05:30,17144.8,17328.6,17098.6,17311.8,0
2022-10-18 05:30,17438.8,17527.8,17434.1,17486.9,0
2022-10-19 05:30,17568.2,17607.6,17472.8,17512.2,0
2022-10-20 05:30,17423.1,17584.2,17421.0,17563.9,0
2022-10-21 05:30,17622.8,17670.2,17520.8,17576.3,0
2022-10-24 05:30,17736.3,17777.6,17707.4,17730.8,0
2022-10-25 05:30,17808.3,17811.5,17637.0,17656.3,0
2022-10-27 05:30,17771.4,17783.9,17654.5,17736.9,0
2022-10-28 05:30,17756.4,17838.9,17723.7,17786.8,0
2022-10-31 05:30,17910.2,18022.8,17899.9,18012.2,0
2022-11-01 05:30,18130.7,18175.8,18060.2,18145.4,0
2022-11-02 05:30,18177.9,18178.8,18048.7,18082.8,0
2022-11-03 05:30,17968.3,18106.3,17959.2,18052.7,0
2022-11-04 05:30,18053.4,18135.1,18017.2,18117.2,0
2022-11-07 05:30,18211.8,18255.5,18064.8,18202.8,0
2022-11-09 05:30,18288.2,18296.4,18117.5,18157.0,0
2022-11-10 05:30,18044.3,18103.1,17969.4,18028.2,0
2022-11-11 05:30,18272.3,18362.3,18259.3,18349.7,0
2022-11-14 05:30,18376.4,18399.4,18311.4,18329.2,0
2022-11-15 05:30,18362.8,18427.9,18282.0,18403.4,0
2022-11-16 05:30,18398.2,18442.2,18344.2,18409.7,0
2022-11-17 05:30,18358.7,18417.6,18312.9,18343.9,0
2022-11-18 05:30,18382.9,18394.6,18209.8,18307.7,0
2022-11-21 05:30,18246.4,18262.3,18133.3,18159.9,0
2022-11-22 05:30,18179.2,18261.8,18137.7,18244.2,0
2022-11-23 05:30,18325.2,18325.4,18246.0,18267.2,0
2022-11-24 05:30,18326.1,18529.7,18294.2,18484.1,0
2022-11-25 05:30,18528.4,18534.9,18445.1,18512.8,0
2022-11-28 05:30,18430.6,18614.2,18365.6,18562.8,0
2022-11-29 05:30,18552.4,18678.1,18552.2,18618.1,0
2022-11-30 05:30,18625.7,18816.1,18616.6,18758.3,0
2022-12-01 05:30,18871.9,18887.6,18778.2,18812.5,0
2022-12-02 05:30,18752.4,18781.9,18639.2,18696.1,0
2022-12-05 05:30,18719.6,18728.6,18591.3,18701.1,0
2022-12-06 05:30,18600.7,18654.9,18577.9,18642.8,0
2022-12-07 05:30,18638.8,18668.3,18528.4,18560.5,0
2022-12-08 05:30,18570.8,18625.0,18536.9,18609.3,0
2022-12-09 05:30,18662.4,18664.7,18410.1,18496.6,0
2022-12-12 05:30,18402.2,18521.6,18345.7,18497.2,0
2022-12-13 05:30,18524.4,18617.2,18490.2,18608.0,0
2022-12-14 05:30,18671.2,18696.1,18632.9,18660.3,0
2022-12-15 05:30,18614.4,18652.9,18387.7,18414.9,0
2022-12-16 05:30,18319.1,18440.9,18255.2,18269.0,0
2022-12-19 05:30,18288.1,18431.7,18244.6,18420.4,0
2022-12-20 05:30,18340.3,18404.9,18202.7,18385.3,0
2022-12-21 05:30,18435.2,18473.3,18162.8,18199.1,0
2022-12-22 05:30,18288.8,18318.8,18068.6,18127.3,0
2022-12-23 05:30,17977.7,18050.4,17779.5,17806.8,0
2022-12-26 05:30,17830.4,18084.1,17774.2,18014.6,0
2022-12-27 05:30,18089.8,18149.2,17967.4,18132.3,0
2022-12-28 05:30,18084.8,18173.1,18068.3,18122.5,0
2022-12-29 05:30,18045.7,18229.7,17992.8,18191.0,0
2022-12-30 05:30,18259.1,18265.2,18080.3,18105.3,0
2023-01-02 05:30,18131.7,18215.2,18086.5,18197.4,0
2023-01-03 05:30,18163.2,18251.9,18149.8,18232.6,0
2023-01-04 05:30,18230.7,18243.0,18020.6,18042.9,0
2023-01-05 05:30,18101.9,18120.3,17892.6,17992.2,0
2023-01-06 05:30,18008.1,18047.4,17795.6,17859.4,0
2023-01-09 05:30,17952.6,18141.4,17936.2,18101.2,0
2023-01-10 05:30,18121.3,18127.6,17856.0,17914.2,0
2023-01-11 05:30,17924.2,17976.3,17824.3,17895.7,0
2023-01-12 05:30,17920.8,17945.8,17761.7,17858.2,0
2023-01-13 05:30,17867.5,17999.3,17774.2,17956.6,0
2023-01-16 05:30,18033.2,18049.7,17853.7,17894.8,0
2023-01-17 05:30,17922.8,18072.1,17886.9,18053.3,0
2023-01-18 05:30,18074.3,18183.8,18032.4,18165.3,0
2023-01-19 05:30,18119.8,18155.2,18063.8,18107.8,0
2023-01-20 05:30,18115.6,18145.4,18016.2,18027.7,0
2023-01-23 05:30,18118.4,18162.6,18063.4,18118.6,0
2023-01-24 05:30,18183.9,18201.2,18078.7,18118.3,0
2023-01-25 05:30,18093.3,18100.6,17846.2,17891.9,0
2023-01-27 05:30,17877.2,17884.8,17493.6,17604.3,0
2023-01-30 05:30,17541.9,17709.2,17405.6,17648.9,0
2023-01-31 05:30,17731.4,17735.7,17537.6,17662.2,0
2023-02-01 05:30,17811.6,17972.2,17353.4,17616.3,0
2023-02-02 05:30,17517.1,17653.9,17445.9,17610.4,0
2023-02-03 05:30,17721.8,17870.3,17584.2,17854.1,0
2023-02-06 05:30,17818.6,17823.7,17698.3,17764.6,0
2023-02-07 05:30,17790.1,17811.2,17652.6,17721.5,0
2023-02-08 05:30,17750.3,17898.7,17744.2,17871.7,0
2023-02-09 05:30,17885.5,17916.9,17779.8,17893.4,0
2023-02-10 05:30,17847.6,17876.9,17801.0,17856.5,0
2023-02-13 05:30,17859.1,17880.7,17719.8,17770.9,0
2023-02-14 05:30,17840.3,17954.6,17800.1,17929.8,0
2023-02-15 05:30,17896.6,18034.1,17853.8,18015.8,0
2023-02-16 05:30,18094.8,18134.8,18000.7,18035.8,0
2023-02-17 05:30,17974.8,18034.2,17884.6,17944.2,0
2023-02-20 05:30,17965.6,18004.3,17818.4,17844.6,0
2023-02-21 05:30,17905.8,17924.9,17800.3,17826.7,0
2023-02-22 05:30,17755.3,17772.5,17529.4,17554.3,0
2023-02-23 05:30,17574.7,17620.1,17455.4,17511.2,0
2023-02-24 05:30,17591.3,17599.8,17421.8,17465.8,0
2023-02-27 05:30,17428.6,17451.6,17299.0,17392.7,0
2023-02-28 05:30,17383.2,17440.4,17255.2,17303.9,0
2023-03-01 05:30,17360.1,17467.8,17345.2,17450.9,0
2023-03-02 05:30,17421.5,17445.8,17306.0,17321.9,0
2023-03-03 05:30,17451.2,17644.8,17427.7,17594.3,0
2023-03-06 05:30,17680.3,17799.9,17671.9,17711.4,0
2023-03-08 05:30,17665.8,17766.5,17602.2,17754.4,0
2023-03-09 05:30,17772.1,17772.3,17573.6,17589.6,0
2023-03-10 05:30,17443.8,17451.5,17324.3,17412.9,0
2023-03-13 05:30,17421.9,17529.9,17113.4,17154.3,0
2023-03-14 05:30,17160.6,17224.7,16987.1,17043.3,0
2023-03-15 05:30,17166.4,17211.3,16938.9,16972.2,0
2023-03-16 05:30,16994.7,17062.4,16850.2,16985.6,0
2023-03-17 05:30,17111.8,17145.8,16958.2,17100.1,0
2023-03-20 05:30,17066.6,17066.6,16828.3,16988.4,0
2023-03-21 05:30,17060.4,17127.7,17016.0,17107.5,0
2023-03-22 05:30,17177.4,17207.2,17107.8,17151.9,0
2023-03-23 05:30,17097.4,17205.4,17045.3,17076.9,0
2023-03-24 05:30,17076.2,17109.4,16917.3,16945.1,0
2023-03-27 05:30,16984.3,17091.0,16918.6,16985.7,0
2023-03-28 05:30,17031.8,17061.8,16913.8,16951.7,0
2023-03-29 05:30,16977.3,17126.2,16940.6,17080.7,0
2023-03-31 05:30,17210.3,17381.6,17204.7,17359.8,0
2023-04-03 05:30,17427.9,17428.1,17312.8,17398.1,0
2023-04-05 05:30,17422.3,17570.6,17402.7,17557.1,0
2023-04-06 05:30,17533.8,17638.7,17502.8,17599.2,0
2023-04-10 05:30,17634.9,17694.1,17597.9,17624.1,0
2023-04-11 05:30,17704.8,17748.8,17655.2,17722.3,0
2023-04-12 05:30,17759.6,17825.8,17717.2,17812.4,0
2023-04-13 05:30,17807.3,17842.2,17729.7,17828.0,0
2023-04-17 05:30,17863.0,17863.0,17574.1,17706.8,0
2023-04-18 05:30,17766.6,17766.6,17610.2,17660.2,0
2023-04-19 05:30,17653.3,17666.2,17579.8,17618.8,0
2023-04-20 05:30,17638.6,17684.4,17584.3,17624.4,0
2023-04-21 05:30,17639.8,17663.2,17553.9,17624.1,0
2023-04-24 05:30,17707.6,17754.5,17612.5,17743.4,0
2023-04-25 05:30,17761.6,17807.4,17716.8,17769.2,0
2023-04-26 05:30,17767.3,17827.8,17711.2,17813.6,0
2023-04-27 05:30,17813.1,17931.6,17797.9,17915.1,0
2023-04-28 05:30,17950.4,18089.2,17885.3,18065.0,0
2023-05-02 05:30,18124.8,18180.2,18101.8,18147.7,0
2023-05-03 05:30,18113.8,18116.3,18042.4,18089.8,0
2023-05-04 05:30,18081.0,18267.4,18066.7,18255.8,0
2023-05-05 05:30,18117.3,18216.9,18055.4,18069.0,0
2023-05-08 05:30,18120.6,18286.9,18100.3,18264.4,0
2023-05-09 05:30,18303.4,18344.2,18229.7,18265.9,0
2023-05-10 05:30,18313.6,18326.8,18211.9,18315.1,0
2023-05-11 05:30,18357.8,18389.7,18270.4,18297.0,0
2023-05-12 05:30,18273.8,18342.8,18194.6,18314.8,0
2023-05-15 05:30,18339.3,18458.9,18287.9,18398.8,0
2023-05-16 05:30,18432.3,18432.3,18264.3,18286.5,0
2023-05-17 05:30,18300.4,18309.0,18115.3,18181.8,0
2023-05-18 05:30,18287.5,18297.2,18104.8,18129.9,0
2023-05-19 05:30,18186.2,18218.1,18060.4,18203.4,0
2023-05-22 05:30,18201.1,18335.2,18178.8,18314.4,0
2023-05-23 05:30,18362.9,18419.8,18324.2,18348.0,0
2023-05-24 05:30,18294.8,18392.6,18262.9,18285.4,0
2023-05-25 05:30,18268.9,18338.1,18202.4,18321.2,0
2023-05-26 05:30,18368.3,18508.6,18333.2,18499.3,0
2023-05-29 05:30,18619.2,18641.2,18581.2,18598.7,0
2023-05-30 05:30,18606.7,18662.4,18575.5,18633.8,0
2023-05-31 05:30,18594.2,18603.9,18483.8,18534.4,0
2023-06-01 05:30,18579.4,18580.3,18464.6,18487.8,0
2023-06-02 05:30,18550.8,18573.7,18478.4,18534.1,0
2023-06-05 05:30,18612.0,18640.2,18582.8,18593.8,0
2023-06-06 05:30,18600.8,18622.8,18531.6,18599.0,0
2023-06-07 05:30,18665.6,18738.9,18636.0,18726.4,0
2023-06-08 05:30,18725.3,18777.9,18615.6,18634.6,0
2023-06-09 05:30,18655.9,18676.7,18555.4,18563.4,0
2023-06-12 05:30,18595.1,18633.6,18559.8,18601.5,0
2023-06-13 05:30,18631.8,18728.9,18631.8,18716.2,0
2023-06-14 05:30,18744.6,18769.7,18690.0,18755.9,0
2023-06-15 05:30,18774.4,18794.1,18669.1,18688.1,0
2023-06-16 05:30,18723.3,18864.7,18710.5,18826.0,0
2023-06-19 05:30,18873.3,18881.4,18719.2,18755.4,0
2023-06-20 05:30,18752.3,18839.7,18660.7,18816.7,0
2023-06-21 05:30,18849.4,18875.9,18794.8,18856.8,0
2023-06-22 05:30,18853.6,18886.6,18759.5,18771.2,0
2023-06-23 05:30,18741.8,18756.4,18647.1,18665.5,0
2023-06-26 05:30,18682.3,18722.1,18646.7,18691.2,0
2023-06-27 05:30,18748.6,18829.2,18714.2,18817.4,0
2023-06-28 05:30,18908.2,19011.2,18861.3,18972.1,0
2023-06-30 05:30,19076.8,19201.7,19024.6,19189.1,0
2023-07-03 05:30,19246.5,19345.1,19234.4,19322.6,0
2023-07-04 05:30,19406.6,19434.2,19300.0,19389.0,0
2023-07-05 05:30,19405.9,19421.6,19339.6,19398.5,0
2023-07-06 05:30,19385.7,19512.2,19373.0,19497.3,0
2023-07-07 05:30,19422.8,19523.6,19303.6,19331.8,0
2023-07-10 05:30,19400.3,19435.8,19327.1,19355.9,0
2023-07-11 05:30,19427.1,19515.1,19406.4,19439.4,0
2023-07-12 05:30,19497.4,19507.7,19361.8,19384.3,0
2023-07-13 05:30,19495.2,19567.0,19385.8,19413.8,0
2023-07-14 05:30,19493.4,19595.3,19433.5,19564.5,0
2023-07-17 05:30,19612.2,19731.8,19562.9,19711.4,0
2023-07-18 05:30,19787.5,19819.4,19690.2,19749.2,0
2023-07-19 05:30,19802.9,19851.7,19727.4,19833.2,0
2023-07-20 05:30,19831.7,19991.8,19758.4,19979.2,0
2023-07-21 05:30,19800.4,19887.4,19700.0,19745.0,0
2023-07-24 05:30,19748.4,19782.8,19658.3,19672.3,0
2023-07-25 05:30,19729.3,19729.3,19615.9,19680.6,0
2023-07-26 05:30,19733.3,19825.6,19716.7,19778.3,0
2023-07-27 05:30,19850.9,19867.6,19603.6,19659.9,0
2023-07-28 05:30,19659.8,19695.9,19563.1,19646.1,0
2023-07-31 05:30,19666.3,19772.8,19597.6,19753.8,0
2023-08-01 05:30,19784.0,19795.6,19704.6,19733.6,0
2023-08-02 05:30,19655.4,19678.2,19423.6,19526.6,0
2023-08-03 05:30,19463.8,19537.7,19296.4,19381.7,0
2023-08-04 05:30,19462.8,19538.8,19436.4,19517.0,0
2023-08-07 05:30,19576.8,19620.4,19524.8,19597.3,0
2023-08-08 05:30,19627.2,19634.4,19533.1,19570.8,0
2023-08-09 05:30,19578.8,19645.5,19467.5,19632.6,0
2023-08-10 05:30,19605.6,19623.6,19495.4,19543.1,0
2023-08-11 05:30,19554.2,19557.8,19412.8,19428.3,0
2023-08-14 05:30,19383.9,19465.8,19257.9,19434.6,0
2023-08-16 05:30,19369.0,19482.8,19317.2,19465.0,0
2023-08-17 05:30,19450.6,19461.6,19326.2,19365.2,0
2023-08-18 05:30,19301.8,19373.8,19253.6,19310.2,0
2023-08-21 05:30,19320.7,19425.9,19296.3,19393.6,0
2023-08-22 05:30,19417.1,19443.5,19381.3,19396.4,0
2023-08-23 05:30,19439.2,19472.1,19366.6,19444.0,0
2023-08-24 05:30,19535.2,19584.4,19369.0,19386.7,0
2023-08-25 05:30,19297.4,19339.6,19229.7,19265.8,0
2023-08-28 05:30,19298.3,19366.8,19249.7,19306.1,0
2023-08-29 05:30,19374.8,19377.9,19309.1,19342.7,0
2023-08-30 05:30,19433.4,19452.8,19334.8,19347.4,0
2023-08-31 05:30,19375.6,19388.2,19223.7,19253.8,0
2023-09-01 05:30,19258.2,19458.6,19255.7,19435.3,0
2023-09-04 05:30,19525.1,19545.2,19432.8,19528.8,0
2023-09-05 05:30,19564.7,19587.1,19525.8,19574.9,0
2023-09-06 05:30,19581.2,19636.4,19491.5,19611.1,0
2023-09-07 05:30,19598.7,19737.0,19550.1,19727.1,0
2023-09-08 05:30,19774.8,19867.2,19727.1,19819.9,0
2023-09-11 05:30,19890.0,20008.2,19865.3,19996.3,0
2023-09-12 05:30,20110.2,20110.3,19914.7,19993.2,0
2023-09-13 05:30,19989.5,20096.9,19944.1,20070.0,0
2023-09-14 05:30,20127.9,20167.7,20043.4,20103.1,0
2023-09-15 05:30,20156.4,20222.4,20129.7,20192.3,0
2023-09-18 05:30,20155.9,20195.3,20115.7,20133.3,0
2023-09-20 05:30,19980.8,20050.7,19878.8,19901.4,0
2023-09-21 05:30,19840.6,19848.8,19709.9,19742.3,0
2023-09-22 05:30,19744.8,19798.7,19657.5,19674.2,0
2023-09-25 05:30,19678.2,19734.2,19601.6,19674.6,0
2023-09-26 05:30,19682.8,19699.3,19637.4,19664.7,0
2023-09-27 05:30,19637.1,19730.7,19554.0,19716.4,0
2023-09-28 05:30,19761.8,19766.7,19492.1,19523.6,0
2023-09-29 05:30,19581.2,19726.2,19551.1,19638.3,0
2023-10-03 05:30,19622.4,19623.2,19479.7,19528.8,0
2023-10-04 05:30,19446.3,19457.8,19333.6,19436.1,0
2023-10-05 05:30,19521.8,19576.9,19487.3,19545.8,0
2023-10-06 05:30,19621.2,19675.8,19589.4,19653.5,0
2023-10-09 05:30,19539.4,19588.9,19480.5,19512.3,0
2023-10-10 05:30,19565.6,19717.8,19565.4,19689.8,0
2023-10-11 05:30,19767.0,19839.2,19756.9,19811.3,0
2023-10-12 05:30,19822.7,19843.3,19772.7,19794.0,0
2023-10-13 05:30,19654.6,19805.4,19635.3,19751.1,0
2023-10-16 05:30,19737.2,19781.3,19691.8,19731.8,0
2023-10-17 05:30,19843.2,19849.8,19775.7,19811.5,0
2023-10-18 05:30,19820.4,19840.9,19659.9,19671.1,0
2023-10-19 05:30,19545.2,19681.8,19512.3,19624.7,0
2023-10-20 05:30,19542.2,19593.8,19518.7,19542.7,0
2023-10-23 05:30,19521.6,19556.8,19257.8,19281.8,0
2023-10-25 05:30,19286.4,19347.3,19074.2,19122.2,0
2023-10-26 05:30,19027.2,19041.7,18837.8,18857.2,0
2023-10-27 05:30,18928.8,19076.2,18926.7,19047.2,0
2023-10-30 05:30,19053.4,19158.5,18940.0,19140.9,0
2023-10-31 05:30,19232.9,19233.7,19056.4,19079.6,0
2023-11-01 05:30,19064.1,19096.1,18973.7,18989.2,0
2023-11-02 05:30,19120.0,19175.2,19064.2,19133.2,0
2023-11-03 05:30,19241.0,19276.2,19210.9,19230.6,0
2023-11-06 05:30,19345.8,19423.0,19309.7,19411.8,0
2023-11-07 05:30,19404.1,19423.5,19329.1,19406.7,0
2023-11-08 05:30,19449.6,19464.4,19401.5,19443.5,0
2023-11-09 05:30,19457.4,19463.9,19378.3,19395.3,0
2023-11-10 05:30,19351.8,19451.3,19329.4,19425.3,0
2023-11-12 05:30,19547.2,19547.2,19510.2,19525.6,0
2023-11-13 05:30,19486.8,19494.4,19414.8,19443.6,0
2023-11-15 05:30,19651.4,19693.2,19579.7,19675.4,0
2023-11-16 05:30,19674.7,19875.2,19627.0,19765.2,0
2023-11-17 05:30,19674.8,19806.0,19667.4,19731.8,0
2023-11-20 05:30,19731.2,19756.4,19670.5,19694.0,0
2023-11-21 05:30,19770.9,19829.1,19754.1,19783.4,0
2023-11-22 05:30,19784.0,19825.6,19703.8,19811.8,0
2023-11-23 05:30,19828.4,19875.2,19786.8,19802.0,0
2023-11-24 05:30,19809.6,19832.8,19768.8,19794.7,0
2023-11-28 05:30,19844.7,19916.8,19800.0,19889.7,0
2023-11-29 05:30,19976.6,20104.7,19956.3,20096.6,0
2023-11-30 05:30,20108.5,20158.7,20015.8,20133.2,0
2023-12-01 05:30,20194.1,20291.6,20183.7,20267.9,0
2023-12-04 05:30,20601.9,20702.7,20507.8,20686.8,0
2023-12-05 05:30,20808.9,20864.1,20711.2,20855.1,0
2023-12-06 05:30,20950.8,20961.9,20852.2,20937.7,0
2023-12-07 05:30,20932.4,20941.2,20850.8,20901.2,0
2023-12-08 05:30,20934.1,21006.1,20862.7,20969.4,0
2023-12-11 05:30,20965.3,21026.1,20923.7,20997.1,0
2023-12-12 05:30,21018.6,21037.9,20867.2,20906.4,0
2023-12-13 05:30,20929.8,20950.0,20769.5,20926.3,0
2023-12-14 05:30,21110.4,21210.9,21074.4,21182.7,0
2023-12-15 05:30,21287.4,21492.3,21235.3,21456.7,0
2023-12-18 05:30,21434.8,21482.8,21365.3,21418.7,0
2023-12-19 05:30,21477.7,21505.1,21337.8,21453.1,0
2023-12-20 05:30,21543.5,21593.0,21087.3,21150.2,0
2023-12-21 05:30,21033.9,21288.3,20976.8,21255.1,0
2023-12-22 05:30,21295.8,21390.5,21232.4,21349.4,0
2023-12-26 05:30,21365.2,21477.2,21329.4,21441.3,0
2023-12-27 05:30,21497.7,21675.8,21495.8,21654.8,0
2023-12-28 05:30,21715.0,21801.4,21678.0,21778.7,0
2023-12-29 05:30,21737.7,21770.3,21676.9,21731.4,0
2024-01-01 05:30,21727.8,21834.3,21680.8,21741.9,0
2024-01-02 05:30,21751.3,21755.6,21555.7,21665.8,0
2024-01-03 05:30,21661.1,21677.0,21500.3,21517.3,0
2024-01-04 05:30,21605.8,21685.7,21564.6,21658.6,0
2024-01-05 05:30,21705.8,21749.6,21629.2,21710.8,0
2024-01-08 05:30,21747.6,21763.9,21492.9,21513.0,0
2024-01-09 05:30,21653.6,21724.4,21517.8,21544.8,0
2024-01-10 05:30,21529.3,21641.8,21448.7,21618.7,0
2024-01-11 05:30,21688.0,21726.5,21593.8,21647.2,0
2024-01-12 05:30,21773.6,21928.2,21715.2,21894.6,0
2024-01-15 05:30,22053.2,22115.6,21963.6,22097.4,0
2024-01-16 05:30,22080.5,22124.2,21969.8,22032.3,0
2024-01-17 05:30,21647.2,21851.5,21550.4,21571.9,0
2024-01-18 05:30,21414.2,21539.4,21285.6,21462.2,0
2024-01-19 05:30,21615.2,21670.6,21575.0,21622.4,0
2024-01-20 05:30,21706.2,21720.3,21541.8,21571.8,0
2024-01-23 05:30,21716.7,21750.2,21192.6,21238.8,0
2024-01-24 05:30,21185.2,21482.3,21137.2,21453.9,0
2024-01-25 05:30,21454.6,21459.0,21247.1,21352.6,0
2024-01-29 05:30,21433.1,21763.2,21429.6,21737.6,0
2024-01-30 05:30,21775.8,21813.1,21501.8,21522.1,0
2024-01-31 05:30,21487.2,21741.3,21448.8,21725.7,0
2024-02-01 05:30,21780.7,21832.9,21658.8,21697.4,0
2024-02-02 05:30,21812.8,22126.8,21805.6,21853.8,0
2024-02-05 05:30,21921.1,21964.3,21726.9,21771.7,0
2024-02-06 05:30,21825.2,21951.4,21737.6,21929.4,0
2024-02-07 05:30,22045.1,22053.3,21860.2,21930.5,0
2024-02-08 05:30,22009.7,22011.1,21665.3,21717.9,0
2024-02-09 05:30,21727.0,21804.4,21629.9,21782.5,0
2024-02-12 05:30,21800.8,21831.7,21574.8,21616.1,0
2024-02-13 05:30,21664.3,21766.8,21543.3,21743.2,0
2024-02-14 05:30,21578.2,21870.8,21530.2,21840.1,0
2024-02-15 05:30,21906.6,21953.8,21794.8,21910.8,0
2024-02-16 05:30,22020.3,22068.7,21968.9,22040.7,0
2024-02-19 05:30,22103.45,22186.65,22021.05,22122.25,0
2024-02-20 05:30,22099.2,22215.6,22045.85,22196.95,0
2024-02-21 05:30,22248.85,22249.4,21997.95,22055.05,0
2024-02-22 05:30,22081.55,22252.5,21875.25,22217.45,0
2024-02-23 05:30,22290.0,22297.5,22186.1,22212.7,0
2024-02-26 05:30,22169.2,22202.15,22075.15,22122.05,0
2024-02-27 05:30,22090.2,22218.25,22085.65,22198.35,0
2024-02-28 05:30,22214.1,22229.15,21915.85,21951.15,0
2024-02-29 05:30,21935.2,22060.55,21860.65,21982.8,0
2024-03-01 05:30,22048.3,22353.3,22047.75,22338.75,0
2024-03-02 05:30,22406.95,22419.55,22367.05,22378.4,0
2024-03-04 05:30,22403.5,22440.9,22358.3,22405.6,0
2024-03-05 05:30,22371.25,22416.9,22269.15,22356.3,0
2024-03-06 05:30,22327.5,22497.2,22224.35,22474.05,0
2024-03-07 05:30,22505.3,22525.65,22430.0,22493.55,0
2024-03-11 05:30,22517.5,22526.6,22307.25,22332.65,0
2024-03-12 05:30,22334.45,22452.55,22256.0,22335.7,0
2024-03-13 05:30,22432.2,22446.75,21905.65,21997.7,0
2024-03-14 05:30,21982.55,22204.6,21917.5,22146.65,0
2024-03-15 05:30,22064.85,22120.9,21931.7,22023.35,0
2024-03-18 05:30,21990.1,22123.7,21916.55,22055.7,0
2024-03-19 05:30,21946.45,21978.3,21793.1,21817.45,0
2024-03-20 05:30,21843.9,21930.9,21710.2,21839.1,0
2024-03-21 05:30,21989.9,22080.95,21941.3,22011.95,0
2024-03-22 05:30,21932.2,22180.7,21883.3,22096.75,0
2024-03-26 05:30,21947.9,22073.2,21947.55,22004.7,0
2024-03-27 05:30,22053.95,22193.6,22052.85,22123.65,0
2024-03-28 05:30,22163.6,22516.0,22163.6,22326.9,0
2024-04-01 05:30,22455.0,22529.95,22427.75,22462.0,0
2024-04-02 05:30,22458.8,22497.6,22388.15,22453.3,0
2024-04-03 05:30,22385.7,22521.1,22346.5,22434.65,0
2024-04-04 05:30,22592.1,22619.0,22303.8,22514.65,0
2024-04-05 05:30,22486.4,22537.6,22427.6,22513.7,0
2024-04-08 05:30,22578.35,22697.3,22550.35,22666.3,0
2024-04-09 05:30,22765.1,22768.4,22612.25,22642.75,0
2024-04-10 05:30,22720.25,22775.7,22673.7,22753.8,0
2024-04-12 05:30,22677.4,22726.45,22503.75,22519.4,0
2024-04-15 05:30,22339.05,22427.45,22259.55,22272.5,0
2024-04-16 05:30,22125.3,22213.75,22079.45,22147.9,0
2024-04-18 05:30,22212.35,22326.5,21961.7,21995.85,0
2024-04-19 05:30,21861.5,22179.55,21777.65,22147.0,0
2024-04-22 05:30,22336.9,22375.65,22198.15,22336.4,0
2024-04-23 05:30,22447.05,22447.55,22349.45,22368.0,0
2024-04-24 05:30,22421.55,22476.45,22384.0,22402.4,0
2024-04-25 05:30,22316.9,22625.95,22305.25,22570.35,0
2024-04-26 05:30,22620.4,22620.4,22385.55,22419.95,0
2024-04-29 05:30,22475.55,22655.8,22441.9,22643.4,0
2024-04-30 05:30,22679.65,22783.35,22568.4,22604.85,0
2024-05-02 05:30,22567.85,22710.5,22567.85,22648.2,0
2024-05-03 05:30,22766.35,22794.7,22348.05,22475.85,0
2024-05-06 05:30,22561.6,22588.8,22409.45,22442.7,0
2024-05-07 05:30,22489.75,22499.05,22232.05,22302.5,0
2024-05-08 05:30,22231.2,22368.65,22185.2,22302.5,0
2024-05-09 05:30,22224.8,22307.75,21932.4,21957.5,0
2024-05-10 05:30,21990.95,22131.3,21950.3,22055.2,0
2024-05-13 05:30,22027.95,22131.65,21821.05,22104.05,0
2024-05-14 05:30,22112.9,22270.05,22081.25,22217.85,0
2024-05-15 05:30,22255.6,22297.55,22151.75,22200.55,0
2024-05-16 05:30,22319.2,22432.25,22054.55,22403.85,0
2024-05-17 05:30,22415.25,22502.15,22345.65,22466.1,0
2024-05-18 05:30,22512.85,22520.25,22470.05,22502.0,0
2024-05-21 05:30,22404.55,22591.1,22404.55,22529.05,0
2024-05-22 05:30,22576.6,22629.5,22483.15,22597.8,0
2024-05-23 05:30,22614.1,22993.6,22577.45,22967.65,0
2024-05-24 05:30,22930.75,23026.4,22908.0,22957.1,0
2024-05-27 05:30,23038.95,23110.8,22871.2,22932.45,0
2024-05-28 05:30,22977.15,22998.55,22858.5,22888.15,0
2024-05-29 05:30,22762.75,22825.5,22685.45,22704.7,0
2024-05-30 05:30,22617.45,22705.75,22417.0,22488.65,0
2024-05-31 05:30,22568.1,22653.75,22465.1,22530.7,0
2024-06-03 05:30,23337.9,23338.7,23062.3,23263.9,0
2024-06-04 05:30,23179.5,23179.5,21281.45,21884.5,0
2024-06-05 05:30,22128.35,22670.4,21791.95,22620.35,0
2024-06-06 05:30,22798.6,22910.15,22642.6,22821.4,0
2024-06-07 05:30,22821.85,23320.2,22789.05,23290.15,0
2024-06-10 05:30,23319.15,23411.9,23227.15,23259.2,0
2024-06-11 05:30,23283.75,23389.45,23206.65,23264.85,0
2024-06-12 05:30,23344.45,23441.95,23295.95,23322.95,0
2024-06-13 05:30,23480.95,23481.05,23353.9,23398.9,0
2024-06-14 05:30,23464.95,23490.4,23334.25,23465.6,0
2024-06-18 05:30,23570.8,23579.05,23499.7,23557.9,0
2024-06-19 05:30,23629.85,23664.0,23412.9,23516.0,0
2024-06-20 05:30,23586.15,23624.0,23442.6,23567.0,0
2024-06-21 05:30,23661.15,23667.1,23398.2,23501.1,0
2024-06-24 05:30,23382.3,23558.1,23350.0,23537.85,0
2024-06-25 05:30,23577.1,23754.15,23562.05,23721.3,0
2024-06-26 05:30,23723.1,23889.9,23670.45,23868.8,0
2024-06-27 05:30,23881.55,24087.45,23805.4,24044.5,0
2024-06-28 05:30,24085.9,24174.0,23985.8,24010.6,0
2024-07-01 05:30,23992.95,24164.0,23992.7,24141.95,0
2024-07-02 05:30,24228.75,24236.35,24056.4,24123.85,0
2024-07-03 05:30,24291.75,24309.15,24207.1,24286.5,0
2024-07-04 05:30,24369.95,24401.0,24281.0,24302.15,0
2024-07-05 05:30,24213.35,24363.0,24168.85,24323.85,0
2024-07-08 05:30,24329.45,24344.6,24240.55,24320.55,0
2024-07-09 05:30,24351.0,24443.6,24331.9,24433.2,0
2024-07-10 05:30,24459.85,24461.05,24141.8,24324.45,0
2024-07-11 05:30,24396.55,24402.65,24193.75,24315.95,0
2024-07-12 05:30,24387.95,24592.2,24331.15,24502.15,0
2024-07-15 05:30,24587.6,24635.05,24522.75,24586.7,0
2024-07-16 05:30,24615.9,24661.25,24587.65,24613.0,0
2024-07-18 05:30,24543.8,24837.75,24504.45,24800.85,0
2024-07-19 05:30,24853.8,24854.8,24508.15,24530.9,0
2024-07-22 05:30,24445.75,24595.2,24362.3,24509.25,0
2024-07-23 05:30,24568.9,24582.55,24074.2,24479.05,0
2024-07-24 05:30,24444.95,24504.25,24307.25,24413.5,0
2024-07-25 05:30,24230.95,24426.15,24210.8,24406.1,0
2024-07-26 05:30,24423.35,24861.15,24410.9,24834.85,0
2024-07-29 05:30,24943.3,24999.75,24774.6,24836.1,0
2024-07-30 05:30,24839.4,24971.75,24798.65,24857.3,0
2024-07-31 05:30,24886.7,24984.6,24856.5,24951.15,0
2024-08-01 05:30,25030.95,25078.3,24956.4,25010.9,0
2024-08-02 05:30,24789.0,24851.9,24686.85,24717.7,0
2024-08-05 05:30,24302.85,24350.05,23893.7,24055.6,0
2024-08-06 05:30,24189.85,24382.6,23960.4,23992.55,0
2024-08-07 05:30,24289.4,24337.7,24184.9,24297.5,0
2024-08-08 05:30,24248.55,24340.5,24079.7,24117.0,0
2024-08-09 05:30,24386.85,24419.75,24311.2,24367.5,0
2024-08-12 05:30,24320.05,24472.8,24212.1,24347.0,0
2024-08-13 05:30,24342.35,24359.95,24116.5,24139.0,0
2024-08-14 05:30,24184.4,24196.5,24099.7,24143.75,0
2024-08-16 05:30,24334.85,24563.9,24204.5,24541.15,0
2024-08-19 05:30,24636.35,24638.8,24522.95,24572.65,0
2024-08-20 05:30,24648.9,24734.3,24607.2,24698.85,0
2024-08-21 05:30,24680.55,24787.95,24654.5,24770.2,0
2024-08-22 05:30,24863.4,24867.35,24784.45,24811.5,0
2024-08-23 05:30,24845.4,24858.4,24771.65,24823.15,0
2024-08-26 05:30,24906.1,25043.8,24874.7,25010.6,0
2024-08-27 05:30,25024.8,25073.1,24973.65,25017.75,0
2024-08-28 05:30,25030.8,25129.6,24964.65,25052.35,0
2024-08-29 05:30,25035.3,25192.9,24998.5,25151.95,0
2024-08-30 05:30,25249.7,25268.35,25199.4,25235.9,0
2024-09-02 05:30,25333.6,25333.65,25235.5,25278.7,0
2024-09-03 05:30,25313.4,25321.7,25235.8,25279.85,0
2024-09-04 05:30,25089.95,25216.0,25083.8,25198.7,0
2024-09-05 05:30,25250.5,25275.45,25127.75,25145.1,0
2024-09-06 05:30,25093.7,25168.75,24801.3,24852.15,0
2024-09-09 05:30,24823.4,24957.5,24753.15,24936.4,0
2024-09-10 05:30,24999.4,25130.5,24896.8,25041.1,0
2024-09-11 05:30,25034.0,25113.7,24885.15,24918.45,0
2024-09-12 05:30,25059.65,25433.35,24941.45,25388.9,0
2024-09-13 05:30,25430.45,25430.5,25292.45,25356.5,0
2024-09-16 05:30,25406.65,25445.7,25336.2,25383.75,0
2024-09-17 05:30,25416.9,25441.65,25352.25,25418.55,0
2024-09-18 05:30,25402.4,25482.2,25285.55,25377.55,0
2024-09-19 05:30,25487.05,25611.95,25376.05,25415.8,0
2024-09-20 05:30,25525.95,25849.25,25426.6,25790.95,0
2024-09-23 05:30,25872.55,25956.0,25847.35,25939.05,0
2024-09-24 05:30,25921.45,26011.55,25886.85,25940.4,0
2024-09-25 05:30,25899.45,26032.8,25871.35,26004.15,0
2024-09-26 05:30,26005.4,26250.9,25998.4,26216.05,0
2024-09-27 05:30,26248.25,26277.35,26151.4,26178.95,0
2024-09-30 05:30,26061.3,26134.7,25794.1,25810.85,0
2024-10-01 05:30,25788.45,25907.6,25739.2,25796.9,0
2024-10-03 05:30,25452.85,25639.45,25230.3,25250.1,0
2024-10-04 05:30,25181.9,25485.05,24966.8,25014.6,0
2024-10-07 05:30,25084.1,25143.0,24694.35,24795.75,0
2024-10-08 05:30,24832.2,25044.0,24756.8,25013.15,0
2024-10-09 05:30,25065.8,25234.05,24947.7,24981.95,0
2024-10-10 05:30,25067.05,25134.05,24979.4,24998.45,0
2024-10-11 05:30,24985.3,25028.65,24920.05,24964.25,0
2024-10-14 05:30,25023.45,25159.75,25017.5,25127.95,0
2024-10-15 05:30,25186.3,25212.05,25008.15,25057.35,0
2024-10-16 05:30,25008.55,25093.4,24908.45,24971.3,0
2024-10-17 05:30,25027.4,25029.5,24728.9,24749.85,0
2024-10-18 05:30,24664.95,24886.2,24567.65,24854.05,0
2024-10-21 05:30,24956.15,24978.3,24679.6,24781.1,0
2024-10-22 05:30,24798.65,24882.0,24445.8,24472.1,0
2024-10-23 05:30,24378.15,24604.25,24378.1,24435.5,0
2024-10-24 05:30,24412.7,24480.65,24341.2,24399.4,0
2024-10-25 05:30,24418.05,24440.25,24073.9,24180.8,0
2024-10-28 05:30,24251.1,24492.6,24134.9,24339.15,0
2024-10-29 05:30,24328.85,24484.5,24140.85,24466.85,0
2024-10-30 05:30,24371.45,24498.2,24307.3,24340.85,0
2024-10-31 05:30,24349.85,24372.45,24172.6,24205.35,0
2024-11-01 05:30,24302.75,24368.25,24280.2,24304.35,0
2024-11-04 05:30,24315.75,24316.75,23816.15,23995.35,0
2024-11-05 05:30,23916.5,24229.05,23842.75,24213.3,0
2024-11-06 05:30,24308.75,24537.6,24204.05,24484.05,0
2024-11-07 05:30,24489.6,24503.35,24179.05,24199.35,0
2024-11-08 05:30,24207.7,24276.15,24066.65,24148.2,0
2024-11-11 05:30,24087.25,24336.8,24004.6,24141.3,0
2024-11-12 05:30,24225.8,24242.0,23839.15,23883.45,0
2024-11-13 05:30,23822.45,23873.6,23509.6,23559.05,0
2024-11-14 05:30,23542.15,23675.9,23484.15,23532.7,0
2024-11-18 05:30,23605.3,23606.8,23350.4,23453.8,0
2024-11-19 05:30,23529.55,23780.65,23464.8,23518.5,0
2024-11-21 05:30,23488.45,23507.3,23263.15,23349.9,0
2024-11-22 05:30,23411.8,23956.1,23359.0,23907.25,0
2024-11-25 05:30,24253.55,24351.55,24135.45,24221.9,0
2024-11-26 05:30,24343.3,24343.3,24125.4,24194.5,0
2024-11-27 05:30,24204.8,24354.55,24145.65,24274.9,0
2024-11-28 05:30,24274.15,24345.75,23873.35,23914.15,0
2024-11-29 05:30,23927.15,24188.45,23927.15,24131.1,0
2024-12-02 05:30,24140.85,24301.7,24008.65,24276.05,0
2024-12-03 05:30,24367.5,24481.35,24280.0,24457.15,0
2024-12-04 05:30,24488.75,24573.2,24366.3,24467.45,0
2024-12-05 05:30,24539.15,24857.75,24295.55,24708.4,0
2024-12-06 05:30,24729.45,24751.05,24620.5,24677.8,0
2024-12-09 05:30,24633.9,24705.0,24580.05,24619.0,0
2024-12-10 05:30,24652.65,24677.8,24510.65,24610.05,0
2024-12-11 05:30,24620.5,24691.75,24583.85,24641.8,0
2024-12-12 05:30,24604.45,24675.25,24527.95,24548.7,0
2024-12-13 05:30,24498.35,24792.3,24180.8,24768.3,0
2024-12-16 05:30,24753.4,24781.25,24601.75,24668.25,0
2024-12-17 05:30,24584.8,24624.1,24303.45,24336.0,0
2024-12-18 05:30,24297.95,24394.45,24149.85,24198.85,0
2024-12-19 05:30,23877.15,24004.9,23870.3,23951.7,0
2024-12-20 05:30,23960.7,24065.8,23537.35,23587.5,0
2024-12-23 05:30,23738.2,23869.55,23647.2,23753.45,0
2024-12-24 05:30,23769.1,23867.65,23685.15,23727.65,0
2024-12-26 05:30,23775.8,23854.5,23653.6,23750.2,0
2024-12-27 05:30,23801.4,23938.85,23800.6,23813.4,0
2024-12-30 05:30,23796.9,23915.35,23599.3,23644.9,0
2024-12-31 05:30,23560.6,23689.85,23460.45,23644.8,0
2025-01-01 05:30,23637.65,23822.8,23562.8,23742.9,0
2025-01-02 05:30,23783.0,24226.7,23751.55,24188.65,0
2025-01-03 05:30,24196.4,24196.45,23976.0,24004.75,0
2025-01-06 05:30,24045.8,24089.95,23551.9,23616.05,0
2025-01-07 05:30,23679.9,23795.2,23637.8,23707.9,0
2025-01-08 05:30,23746.65,23751.85,23496.15,23688.95,0
2025-01-09 05:30,23674.75,23689.5,23503.05,23526.5,0
2025-01-10 05:30,23551.9,23596.6,23344.35,23431.5,0
2025-01-13 05:30,23195.4,23340.95,23047.25,23085.95,0
2025-01-14 05:30,23165.9,23264.95,23134.15,23176.05,0
2025-01-15 05:30,23250.45,23293.65,23146.45,23213.2,0
2025-01-16 05:30,23377.25,23391.65,23272.05,23311.8,0
2025-01-17 05:30,23277.1,23292.1,23100.35,23203.2,0
2025-01-20 05:30,23290.4,23391.1,23170.65,23344.75,0
2025-01-21 05:30,23421.65,23426.3,22976.85,23024.65,0
2025-01-22 05:30,23099.15,23169.55,22981.3,23155.35,0
2025-01-23 05:30,23128.3,23270.8,23090.65,23205.35,0
2025-01-24 05:30,23183.9,23347.3,23050.0,23092.2,0
2025-01-27 05:30,22940.15,23007.45,22786.9,22829.15,0
2025-01-28 05:30,22960.45,23137.95,22857.65,22957.25,0
2025-01-29 05:30,23026.75,23183.35,22976.5,23163.1,0
2025-01-30 05:30,23169.5,23322.05,23139.2,23249.5,0
2025-01-31 05:30,23296.75,23546.8,23277.4,23508.4,0
2025-02-01 05:30,23528.6,23632.45,23318.3,23482.15,0
2025-02-03 05:30,23319.35,23381.6,23222.0,23361.05,0
2025-02-04 05:30,23509.9,23762.75,23423.15,23739.25,0
2025-02-05 05:30,23801.75,23807.3,23680.45,23696.3,0
2025-02-06 05:30,23761.95,23773.55,23556.25,23603.35,0
2025-02-07 05:30,23649.5,23694.5,23443.2,23559.95,0
2025-02-10 05:30,23543.8,23568.6,23316.3,23381.6,0
2025-02-11 05:30,23383.55,23390.05,22986.65,23071.8,0
2025-02-12 05:30,23050.8,23144.7,22798.35,23045.25,0
2025-02-13 05:30,23055.75,23235.5,22992.2,23031.4,0
2025-02-14 05:30,23096.45,23133.7,22774.85,22929.25,0
2025-02-17 05:30,22809.9,22974.2,22725.45,22959.5,0
2025-02-18 05:30,22963.65,22992.5,22801.5,22945.3,0
2025-02-19 05:30,22847.25,23049.95,22814.85,22932.9,0
2025-02-20 05:30,22821.1,22923.85,22812.75,22913.15,0
2025-02-21 05:30,22857.2,22921.0,22720.3,22795.9,0
2025-02-24 05:30,22609.35,22668.05,22518.8,22553.35,0
2025-02-25 05:30,22516.45,22625.3,22513.9,22547.55,0
2025-02-27 05:30,22568.95,22613.3,22508.4,22545.05,0
2025-02-28 05:30,22433.4,22450.35,22104.85,22124.7,0
2025-03-03 05:30,22194.55,22261.55,22004.7,22119.3,0
2025-03-04 05:30,21974.45,22105.05,21964.6,22082.65,0
2025-03-05 05:30,22073.05,22394.9,22067.8,22337.3,0
2025-03-06 05:30,22476.35,22556.45,22245.85,22544.7,0
2025-03-07 05:30,22508.65,22633.8,22464.75,22552.5,0
2025-03-10 05:30,22521.85,22676.75,22429.05,22460.3,0
2025-03-11 05:30,22345.95,22522.1,22314.7,22497.9,0
2025-03-12 05:30,22536.35,22577.4,22329.55,22470.5,0
2025-03-13 05:30,22541.5,22558.05,22377.35,22397.2,0
2025-03-17 05:30,22353.15,22577.0,22353.15,22508.75,0
2025-03-18 05:30,22662.25,22857.8,22599.2,22834.3,0
2025-03-19 05:30,22874.95,22940.7,22807.95,22907.6,0
2025-03-20 05:30,23036.6,23216.7,22973.95,23190.65,0
2025-03-21 05:30,23168.25,23402.7,23132.8,23350.4,0
2025-03-24 05:30,23515.4,23708.75,23433.5,23658.35,0
2025-03-25 05:30,23751.5,23869.6,23601.4,23668.65,0
2025-03-26 05:30,23700.95,23736.5,23451.7,23486.85,0
2025-03-27 05:30,23433.95,23646.45,23412.2,23591.95,0
2025-03-28 05:30,23600.4,23649.2,23450.2,23519.35,0
2025-04-01 05:30,23341.1,23565.15,23136.4,23165.7,0
2025-04-02 05:30,23192.6,23350.0,23158.45,23332.35,0
2025-04-03 05:30,23150.3,23306.5,23145.8,23250.1,0
2025-04-04 05:30,23190.4,23214.7,22857.45,22904.45,0
2025-04-07 05:30,21758.4,22254.0,21743.65,22161.6,0
2025-04-08 05:30,22446.75,22697.2,22270.85,22535.85,0
2025-04-09 05:30,22460.3,22468.7,22353.25,22399.15,0
2025-04-11 05:30,22695.4,22923.9,22695.4,22828.55,0
2025-04-15 05:30,23368.35,23368.35,23207.0,23328.55,0
2025-04-16 05:30,23344.1,23452.2,23273.05,23437.2,0
2025-04-17 05:30,23401.85,23872.35,23298.55,23851.65,0
2025-04-21 05:30,23949.15,24189.55,23903.65,24125.55,0
2025-04-22 05:30,24185.4,24242.6,24072.0,24167.25,0
2025-04-23 05:30,24357.6,24359.3,24119.95,24328.95,0
2025-04-24 05:30,24277.9,24347.85,24216.15,24246.7,0
2025-04-25 05:30,24289.0,24365.45,23847.85,24039.35,0
2025-04-28 05:30,24070.25,24355.1,24054.05,24328.5,0
2025-04-29 05:30,24370.7,24457.65,24290.75,24335.95,0
2025-04-30 05:30,24342.05,24396.15,24198.75,24334.2,0
2025-05-02 05:30,24311.9,24589.15,24238.5,24346.7,0
2025-05-05 05:30,24419.5,24526.4,24400.65,24461.15,0
2025-05-06 05:30,24500.75,24509.65,24331.8,24379.6,0
2025-05-07 05:30,24233.3,24449.6,24220.0,24414.4,0
2025-05-08 05:30,24431.5,24447.25,24150.2,24273.8,0
2025-05-09 05:30,23935.75,24164.25,23935.75,24008.0,0
2025-05-12 05:30,24420.1,24944.8,24378.85,24924.7,0
2025-05-13 05:30,24864.05,24973.8,24547.5,24578.35,0
2025-05-14 05:30,24613.8,24767.55,24535.55,24666.9,0
2025-05-15 05:30,24694.45,25116.25,24494.45,25062.1,0
2025-05-16 05:30,25064.65,25070.0,24953.05,25019.8,0
2025-05-19 05:30,25005.35,25062.95,24916.65,24945.45,0
2025-05-20 05:30,24996.2,25010.35,24669.7,24683.9,0
2025-05-21 05:30,24744.25,24946.2,24685.35,24813.45,0
2025-05-22 05:30,24733.95,24737.5,24462.4,24609.7,0
2025-05-23 05:30,24639.5,24909.05,24614.05,24853.15,0
2025-05-26 05:30,24919.35,25079.2,24900.5,25001.15,0
2025-05-27 05:30,24956.65,25062.9,24704.1,24826.2,0
2025-05-28 05:30,24832.5,24864.25,24737.05,24752.45,0
2025-05-29 05:30,24825.1,24892.6,24677.3,24833.6,0
2025-05-30 05:30,24812.6,24863.95,24717.4,24750.7,0
2025-06-02 05:30,24669.7,24754.4,24526.15,24716.6,0
2025-06-03 05:30,24786.3,24845.1,24502.15,24542.5,0
2025-06-04 05:30,24560.45,24644.25,24530.45,24620.2,0
2025-06-05 05:30,24691.2,24899.85,24613.1,24750.9,0
2025-06-06 05:30,24748.7,25029.5,24671.45,25003.05,0
2025-06-09 05:30,25160.1,25160.1,25077.15,25103.2,0
2025-06-10 05:30,25196.05,25199.3,25055.45,25104.25,0
2025-06-11 05:30,25134.15,25222.4,25081.3,25141.4,0
2025-06-12 05:30,25164.45,25196.2,24825.9,24888.2,0
2025-06-13 05:30,24473.0,24754.35,24473.0,24718.6,0
2025-06-16 05:30,24732.35,24967.1,24703.6,24946.5,0
2025-06-17 05:30,24977.85,24982.05,24813.7,24853.4,0
2025-06-18 05:30,24788.35,24947.55,24750.45,24812.05,0
2025-06-19 05:30,24803.25,24863.1,24733.4,24793.25,0
2025-06-20 05:30,24787.65,25136.2,24783.65,25112.4,0
2025-06-23 05:30,24939.75,25057.0,24824.85,24971.9,0
2025-06-24 05:30,25179.9,25317.7,24999.7,25044.35,0
2025-06-25 05:30,25150.35,25266.8,25125.05,25244.75,0
2025-06-26 05:30,25268.95,25565.3,25259.9,25549.0,0
2025-06-27 05:30,25576.65,25654.2,25523.55,25637.8,0
2025-06-30 05:30,25661.65,25669.35,25473.3,25517.05,0
2025-07-01 05:30,25551.35,25593.4,25501.8,25541.8,268402409
2025-07-02 05:30,25588.3,25608.1,25378.75,25453.4,320004664
2025-07-03 05:30,25505.1,25587.5,25384.35,25405.3,302490869
2025-07-04 05:30,25428.85,25470.25,25331.65,25461.0,197838624
2025-07-07 05:30,25450.45,25489.8,25407.25,25461.3,202160265
2025-07-08 05:30,25427.85,25548.05,25424.15,25522.5,218378476
2025-07-09 05:30,25514.6,25548.7,25424.35,25476.1,246407440
2025-07-10 05:30,25511.65,25524.05,25340.45,25355.25,228409402
2025-07-11 05:30,25255.5,25322.45,25129.0,25149.85,256616674
2025-07-14 05:30,25149.5,25151.1,25001.95,25082.3,266549506
2025-07-15 05:30,25089.5,25245.2,25088.45,25195.8,249121518
2025-07-16 05:30,25196.6,25255.3,25121.05,25212.05,239218549
2025-07-17 05:30,25230.75,25238.35,25101.0,25111.45,254950473
2025-07-18 05:30,25108.55,25144.6,24918.65,24968.4,325494375
2025-07-21 05:30,24999.0,25111.4,24882.3,25090.7,316849940
2025-07-22 05:30,25166.65,25182.0,25035.55,25060.9,491530801
2025-07-23 05:30,25139.35,25233.5,25085.5,25219.9,278717223
2025-07-24 05:30,25243.3,25246.25,25018.7,25062.1,350968454
2025-07-25 05:30,25010.35,25010.35,24806.35,24837.0,284378760
2025-07-28 05:30,24782.45,24889.2,24646.6,24680.9,269112728
2025-07-29 05:30,24609.65,24847.15,24598.6,24821.1,295506044
2025-07-30 05:30,24890.4,24902.3,24771.95,24855.05,251928593
2025-07-31 05:30,24642.25,24956.5,24635.0,24768.35,358068253
2025-08-01 05:30,24734.9,24784.15,24535.05,24565.35,269720835
2025-08-04 05:30,24596.05,24736.25,24554.0,24722.75,266702847
2025-08-05 05:30,24720.25,24733.1,24590.3,24649.55,264406774
2025-08-06 05:30,24641.35,24671.4,24539.2,24574.2,232694945
2025-08-07 05:30,24464.2,24634.2,24344.15,24596.15,623786898
2025-08-08 05:30,24544.25,24585.5,24337.5,24363.3,319577789
2025-08-11 05:30,24371.5,24600.85,24347.45,24585.05,245698424
2025-08-12 05:30,24563.35,24702.6,24465.65,24487.4,243471363
2025-08-13 05:30,24586.2,24664.55,24535.25,24619.35,242795489
2025-08-14 05:30,24607.25,24673.65,24596.9,24631.3,278918061
2025-08-18 05:30,24938.2,25022.0,24852.85,24876.95,372713703
2025-08-19 05:30,24891.35,25012.65,24873.95,24980.65,258517047
2025-08-20 05:30,24965.8,25088.7,24929.7,25050.55,292029233
2025-08-21 05:30,25142.0,25153.65,25054.9,25083.75,232761977
2025-08-22 05:30,25064.15,25084.85,24859.15,24870.1,220082135
2025-08-25 05:30,24949.15,25021.55,24894.35,24967.75,221791155
2025-08-26 05:30,24899.5,24919.65,24689.6,24712.05,750473927
2025-08-28 05:30,24695.8,24702.65,24481.6,24500.9,326601486
2025-08-29 05:30,24466.7,24572.45,24404.7,24426.85,325543583
2025-09-01 05:30,24432.7,24635.6,24432.7,24625.05,229327424
2025-09-02 05:30,24653.0,24756.1,24522.35,24579.6,271558516
2025-09-03 05:30,24616.5,24737.05,24533.2,24715.05,340283328
2025-09-04 05:30,24980.75,24980.75,24708.2,24734.3,314094160
2025-09-05 05:30,24818.85,24832.35,24621.6,24741.0,210071924
2025-09-08 05:30,24802.6,24885.5,24751.55,24773.15,213228202
2025-09-09 05:30,24864.1,24891.8,24814.0,24868.6,226919775
2025-09-10 05:30,24991.0,25035.7,24915.05,24973.1,244146466
2025-09-11 05:30,24945.5,25037.3,24940.15,25005.5,224570983
2025-09-12 05:30,25074.45,25139.45,25038.05,25114.0,225739766
2025-09-15 05:30,25118.9,25138.45,25048.75,25069.2,185375759
2025-09-16 05:30,25073.6,25261.4,25070.45,25239.1,240122320
2025-09-17 05:30,25276.6,25346.5,25275.35,25330.25,268936695
2025-09-18 05:30,25441.05,25448.55,25329.75,25423.6,272193683
2025-09-19 05:30,25410.2,25431.4,25286.3,25327.05,380362832
2025-09-22 05:30,25238.1,25331.7,25151.05,25202.35,254509892
2025-09-23 05:30,25209.0,25261.9,25084.65,25169.5,299204338
2025-09-24 05:30,25108.75,25149.85,25027.45,25056.9,244382281
2025-09-25 05:30,25034.5,25092.7,24878.3,24890.85,342534768
2025-09-26 05:30,24818.55,24868.6,24629.45,24654.7,291537949
2025-09-29 05:30,24728.55,24791.3,24606.2,24634.9,394388242
2025-09-30 05:30,24691.95,24731.8,24587.7,24611.1,303036149
2025-10-01 05:30,24620.55,24867.95,24605.95,24836.3,308901205
2025-10-03 05:30,24759.55,24904.8,24747.55,24894.25,365850329
2025-10-06 05:30,24916.55,25095.95,24881.65,25077.65,268788879
2025-10-07 05:30,25085.3,25220.9,25076.3,25108.3,287992307
2025-10-08 05:30,25079.75,25192.5,25008.5,25046.15,227439592
2025-10-09 05:30,25074.3,25199.25,25024.3,25181.8,286911795
2025-10-10 05:30,25167.65,25330.75,25156.85,25285.35,236016218
2025-10-13 05:30,25177.3,25267.3,25152.3,25227.35,234563558
2025-10-14 05:30,25277.55,25310.35,25060.55,25145.5,291837460
2025-10-15 05:30,25181.95,25365.15,25159.35,25323.55,290252378
2025-10-16 05:30,25394.9,25625.4,25376.85,25585.3,373229394
2025-10-17 05:30,25546.85,25781.5,25508.6,25709.85,421439107
2025-10-20 05:30,25824.6,25926.2,25788.5,25843.15,308150601
2025-10-21 05:30,25901.2,25934.35,25825.8,25868.6,42701288
2025-10-23 05:30,26057.2,26104.2,25862.45,25891.4,450698119
2025-10-24 05:30,25935.1,25944.15,25718.2,25795.15,284913477
2025-10-27 05:30,25843.2,26005.95,25827.0,25966.05,266337274
2025-10-28 05:30,25939.95,26041.7,25810.05,25936.2,395231207
2025-10-29 05:30,25982.0,26097.85,25960.3,26053.9,321880610
2025-10-30 05:30,25984.4,26032.05,25845.25,25877.85,257373001
2025-10-31 05:30,25863.8,25953.75,25711.2,25722.1,334384400
2025-11-03 05:30,25696.85,25803.1,25645.5,25763.35,275858501
2025-11-04 05:30,25744.75,25787.4,25578.4,25597.65,305143084
2025-11-06 05:30,25593.35,25679.15,25491.55,25509.7,371852417
2025-11-07 05:30,25433.8,25551.25,25318.45,25492.3,305606393
2025-11-10 05:30,25503.5,25653.45,25503.5,25574.35,243592948
2025-11-11 05:30,25617.0,25715.8,25449.25,25694.95,297714069
2025-11-12 05:30,25834.3,25934.55,25781.15,25875.8,312591022
2025-11-13 05:30,25906.1,26010.7,25808.4,25879.15,373090499
2025-11-14 05:30,25767.9,25940.2,25740.8,25910.05,353423618
2025-11-17 05:30,25948.2,26024.2,25906.35,26013.45,264610565
2025-11-18 05:30,26021.8,26029.85,25876.5,25910.05,280000989
2025-11-19 05:30,25918.1,26074.65,25856.2,26052.65,250110008
2025-11-20 05:30,26132.1,26246.65,26063.2,26192.15,240425729
2025-11-21 05:30,26109.55,26179.2,26052.2,26068.15,235581427
2025-11-24 05:30,26122.8,26142.8,25912.15,25959.5,464655063
2025-11-25 05:30,25998.5,26032.6,25857.5,25884.8,260454909
2025-11-26 05:30,25842.95,26215.15,25842.95,26205.3,275265169
2025-11-27 05:30,26261.25,26310.45,26141.9,26215.55,240287057
2025-11-28 05:30,26237.45,26280.75,26172.4,26202.95,202511545
2025-12-01 05:30,26325.8,26325.8,26124.2,26175.75,213828573
2025-12-02 05:30,26087.95,26154.6,25997.85,26032.2,254803113
2025-12-03 05:30,26004.9,26066.45,25891.0,25986.0,265660108
2025-12-04 05:30,25981.85,26098.25,25938.95,26033.75,248099545
2025-12-05 05:30,25999.8,26202.6,25985.35,26186.45,249254405
2025-12-08 05:30,26159.8,26178.7,25892.25,25960.55,320729920
2025-12-09 05:30,25867.1,25923.65,25728.0,25839.65,275978160
2025-12-10 05:30,25864.05,25947.65,25734.55,25758.0,207944446
2025-12-11 05:30,25771.4,25922.8,25693.25,25898.55,206099631
2025-12-12 05:30,25971.2,26057.6,25938.45,26046.95,216344338
2025-12-15 05:30,25930.05,26047.15,25904.75,26027.3,181557703
2025-12-16 05:30,25951.5,25980.75,25834.35,25860.1,264351195
2025-12-17 05:30,25902.4,25929.15,25770.35,25818.55,206521258
2025-12-18 05:30,25764.7,25902.35,25726.3,25815.55,197553755
2025-12-19 05:30,25911.5,25993.35,25880.45,25966.4,382927284
2025-12-22 05:30,26055.85,26180.7,26047.8,26172.4,252990050
2025-12-23 05:30,26205.2,26233.55,26119.05,26177.15,216553840
2025-12-24 05:30,26170.65,26236.4,26123.0,26142.1,188846828
2025-12-26 05:30,26121.25,26144.2,26008.6,26042.3,142243763
2025-12-29 05:30,26063.35,26106.8,25920.3,25942.1,234312888
2025-12-30 05:30,25940.9,25976.75,25878.0,25938.85,396893959
2025-12-31 05:30,25971.05,26187.95,25969.0,26129.6,246314941
2026-01-01 05:30,26173.3,26197.55,26113.4,26146.55,425631910
2026-01-02 05:30,26155.1,26340.0,26118.4,26328.55,357547806
2026-01-05 05:30,26333.7,26373.2,26210.05,26250.3,338777649
2026-01-06 05:30,26189.7,26273.95,26124.75,26178.7,383040203
2026-01-07 05:30,26143.1,26187.15,26067.9,26140.75,338216740
2026-01-08 05:30,26106.5,26133.2,25858.45,25876.85,328520950
2026-01-09 05:30,25840.4,25940.6,25623.0,25683.3,348757262
2026-01-12 05:30,25669.05,25813.15,25473.4,25790.25,275757268
2026-01-13 05:30,25897.35,25899.8,25603.3,25732.3,339536336
2026-01-14 05:30,25648.55,25791.75,25603.95,25665.6,393126596
2026-01-16 05:30,25696.05,25873.5,25662.4,25694.35,434041776
2026-01-19 05:30,25653.1,25653.3,25494.35,25585.5,443087953
2026-01-20 05:30,25580.3,25585.0,25171.35,25232.5,409772324
2026-01-21 05:30,25141.0,25300.95,24919.8,25157.5,395624981
2026-01-22 05:30,25344.15,25435.75,25168.5,25289.9,486395433
2026-01-23 05:30,25344.6,25347.95,25025.3,25048.65,393944908
2026-01-27 05:30,25063.35,25246.65,24932.55,25175.4,618696080
2026-01-28 05:30,25258.85,25372.1,25187.65,25342.75,574903942
2026-01-29 05:30,25345.0,25458.15,25159.8,25418.9,582389331
2026-01-30 05:30,25247.55,25370.7,25213.65,25320.65,508388604
2026-02-01 05:30,25333.75,25440.9,24571.75,24825.45,379370206
2026-02-02 05:30,24796.5,25108.1,24679.4,25088.4,449215604
2026-02-03 05:30,26308.05,26341.2,25641.3,25727.55,637263148
2026-02-04 05:30,25675.05,25818.55,25563.95,25776.0,429788986
2026-02-05 05:30,25755.9,25757.65,25579.5,25642.8,343812628
2026-02-06 05:30,25605.8,25703.95,25491.9,25693.7,375476124
2026-02-09 05:30,25888.7,25922.25,25780.9,25867.3,359386006
2026-02-10 05:30,25922.65,25989.45,25870.45,25935.15,460878237
2026-02-11 05:30,25997.45,26009.4,25899.8,25953.85,331389240
2026-02-12 05:30,25906.7,25906.7,25752.4,25807.2,419388014
2026-02-13 05:30,25571.15,25630.35,25444.3,25471.1,453523192
2026-02-16 05:30,25423.6,25697.0,25372.7,25682.75,275771857
2026-02-17 05:30,25637.95,25764.4,25570.3,25725.4,344120117
2026-02-18 05:30,25752.65,25828.05,25645.15,25819.35,310226489
2026-02-19 05:30,25873.35,25885.3,25388.75,25454.35,298228436
2026-02-20 05:30,25406.55,25663.55,25379.75,25571.25,296582203
2026-02-23 05:30,25678.4,25771.45,25609.35,25713.0,313680394
2026-02-24 05:30,25641.8,25641.8,25327.6,25424.65,439068188
2026-02-25 05:30,25512.6,25652.6,25428.2,25482.5,414215742
2026-02-26 05:30,25556.3,25572.95,25400.95,25496.55,405219244
2026-02-27 05:30,25459.85,25476.4,25141.3,25178.65,438924282
2026-03-02 05:30,24659.25,24989.35,24603.5,24865.7,519228821
2026-03-04 05:30,24388.8,24602.45,24305.4,24480.5,598993881
2026-03-05 05:30,24615.95,24854.2,24529.4,24765.9,504339053
2026-03-06 05:30,24656.4,24700.8,24415.75,24450.45,433408256
2026-03-09 05:30,23868.05,24078.15,23697.8,24028.05,526901605
2026-03-10 05:30,24280.8,24303.8,24079.95,24261.6,444283436
2026-03-11 05:30,24231.85,24299.0,23834.3,23866.85,407400643
2026-03-12 05:30,23674.85,23833.15,23556.3,23639.15,501004098
2026-03-13 05:30,23462.5,23492.4,23112.0,23151.1,519776752
2026-03-16 05:30,23116.1,23502.0,22955.25,23408.8,540293230
2026-03-17 05:30,23493.2,23656.8,23346.6,23581.15,458788167
2026-03-18 05:30,23632.9,23862.25,23618.45,23777.8,382876401
2026-03-19 05:30,23197.75,23378.7,22930.35,23002.15,550147401
2026-03-20 05:30,23110.15,23345.15,23067.6,23114.5,663289390
2026-03-23 05:30,22824.35,22851.7,22471.25,22512.65,550275334
2026-03-24 05:30,22878.45,23057.3,22624.2,22912.4,538098322
2026-03-25 05:30,23064.4,23465.35,23063.2,23306.45,505418973
2026-03-27 05:30,23173.55,23186.1,22804.55,22819.6,612556883
2026-03-30 05:30,22549.65,22714.1,22283.85,22331.4,698599891
2026-04-01 05:30,22899.0,22941.3,22618.6,22679.4,517954448
2026-04-02 05:30,22383.4,22782.3,22182.55,22713.1,495121035
2026-04-06 05:30,22780.3,22998.35,22542.95,22968.25,426416812
2026-04-07 05:30,22838.7,23153.85,22719.3,23123.65,476981883
2026-04-08 05:30,23855.15,24025.15,23828.5,23997.35,639257993
2026-04-09 05:30,23909.05,23990.75,23682.8,23775.1,466587329
2026-04-10 05:30,23880.55,24074.05,23856.35,24050.6,481302436
2026-04-13 05:30,23589.6,23907.4,23555.6,23842.65,488844789
2026-04-15 05:30,24163.8,24280.9,24145.8,24231.3,460334041
2026-04-16 05:30,24385.2,24400.95,24102.8,24196.75,508017772
2026-04-17 05:30,24165.9,24371.9,24096.05,24353.55,498625189
2026-04-20 05:30,24391.5,24480.65,24241.25,24364.85,415942883
2026-04-21 05:30,24374.55,24601.7,24354.9,24576.6,425826834
2026-04-22 05:30,24470.85,24515.95,24352.9,24378.1,440524292
2026-04-23 05:30,24202.35,24310.2,24134.8,24173.05,467549860
2026-04-24 05:30,24100.55,24206.0,23813.65,23897.95,438433486
2026-04-27 05:30,23945.45,24130.7,23936.2,24092.7,430297937
2026-04-28 05:30,24049.9,24181.8,23957.05,23995.7,554134344
2026-04-29 05:30,24096.9,24334.7,24059.95,24177.65,531122966
2026-04-30 05:30,23996.95,24087.45,23796.85,23997.55,505520648
2026-05-04 05:30,24063.55,24290.2,24004.75,24119.3,419069793
2026-05-05 05:30,24052.6,24081.7,23882.05,24032.8,363297728
2026-05-06 05:30,24171.0,24356.5,23997.9,24330.95,429190144
2026-05-07 05:30,24398.5,24482.1,24284.0,24326.65,440621691
2026-05-08 05:30,24233.65,24253.8,24126.65,24176.15,335887188
2026-05-11 05:30,23970.1,23997.45,23799.1,23815.85,390108343
2026-05-12 05:30,23722.6,23757.55,23348.4,23379.55,447518189
2026-05-13 05:30,23362.45,23582.95,23262.55,23412.6,415359044
2026-05-14 05:30,23530.25,23777.2,23426.55,23689.6,428735424
2026-05-15 05:30,23731.4,23839.3,23610.3,23643.5,408864566
2026-05-18 05:30,23482.2,23695.65,23317.1,23649.95,391968426
2026-05-19 05:30,23675.3,23782.3,23587.2,23618.0,441953184
2026-05-20 05:30,23457.25,23690.9,23397.3,23659.0,344050591
2026-05-21 05:30,23830.05,23859.9,23596.6,23654.7,348183907
2026-05-22 05:30,23671.2,23835.65,23671.0,23719.3,336108649
2026-05-25 05:30,23940.25,24054.45,23922.85,24031.7,351224048
2026-05-26 05:30,24004.1,24089.8,23885.45,23913.7,387932940
2026-05-27 05:30,23880.35,23983.2,23858.25,23907.15,531572650
2026-05-29 05:30,23902.15,24002.8,23484.75,23547.75,1198023438
2026-06-01 05:30,23654.5,23733.7,23357.95,23382.6,421691204
2026-06-02 05:30,23229.15,23556.95,23229.15,23483.55,511852817
2026-06-03 05:30,23415.95,23459.65,23151.5,23405.6,450089851
2026-06-04 05:30,23282.45,23465.3,23247.3,23416.55,412505524
2026-06-05 05:30,23478.95,23516.35,23282.65,23366.7,366208223
2026-06-08 05:30,23080.7,23267.3,23070.15,23123.0,375730763
2026-06-09 05:30,23259.05,23279.4,23104.45,23242.1,402552937
2026-06-10 05:30,23233.95,23425.35,23184.6,23214.95,380030627
2026-06-11 05:30,23104.4,23327.45,23072.05,23161.6,362996956
2026-06-12 05:30,23412.55,23645.35,23313.9,23622.9,351944432
2026-06-15 05:30,23984.85,24011.4,23817.8,23853.9,398913735
2026-06-16 05:30,23923.9,24002.6,23888.2,23989.15,327307262
2026-06-17 05:30,24044.5,24108.2,23969.7,24085.7,352665809
2026-06-18 05:30,24073.8,24189.25,24036.95,24168.0,339988612
2026-06-19 05:30,23991.2,24047.2,23901.9,24013.1,447858148
2026-06-22 05:30,24106.6,24168.05,24073.15,24102.9,252821156
2026-06-23 05:30,24071.3,24135.5,23784.95,23824.1,340090069
2026-06-24 05:30,23795.8,24090.05,23789.25,24021.65,395578738
2026-06-25 05:30,24125.85,24261.6,24039.0,24056.0,448752143
2026-06-29 05:30,24061.75,24120.0,23924.55,23946.25,588498045
2026-06-30 05:30,24032.05,24035.55,23829.2,23865.75,449044753
2026-07-01 05:30,23897.65,24049.9,23895.1,24005.85,352148975
2026-07-02 05:30,24062.2,24194.55,24058.8,24175.7,372941283
2026-07-03 05:30,24375.65,24378.15,24252.35,24270.85,326634751
2026-07-06 05:30,24306.85,24458.65,24287.1,24430.35,329356507
2026-07-07 05:30,24464.45,24530.9,24348.95,24398.7,412624457
2026-07-08 05:30,24259.55,24300.0,23805.2,23882.05,420531527
2026-07-09 05:30,23928.95,24134.7,23925.7,23962.8,384795241
2026-07-10 05:30,24124.7,24228.45,24120.35,24206.9,313072212
2026-07-13 05:30,24039.4,24259.8,24000.2,24211.0,322678968
2026-07-14 05:30,24068.0,24157.1,24023.7,24052.05,355829008
2026-07-15 05:30,24085.85,24220.35,24010.55,24078.5,306924577
2026-07-16 05:30,24142.1,24186.5,24050.0,24072.75,264271962
2026-07-17 05:30,24127.6,24367.3,24099.05,24334.3,387772135
2026-07-20 05:30,24190.05,24266.1,24135.85,24238.5,353095939
2026-07-21 05:30,24216.05,24262.2,24135.65,24187.7,315560285
2026-07-22 05:30,24150.45,24166.3,23961.4,23996.25,304745142
2026-07-23 05:30,23904.8,23990.75,23807.2,23869.6,344042832
2026-07-24 05:30,23666.35,23823.6,23606.3,23767.45,333870912
